title,link,date_posted,posted_until,main_agency,department,job_location,work_location,job_type,salary,category,experience_level,title_classification,job_id,num_positions
SUPERVISOR,https://cityjobs.nyc.gov/job/supervisor-in-brooklyn-jid-23546,2024-05-23,2025-10-27,DEPT. OF HOMELESS SERVICES,Adult Services,BROOKLYN,"681 Clarkson Ave Bldg D, Bklyn",Full-Time,"$55,946.00 – $89,698.00",Constituent Services & Community Programs,Experienced (Non-Manager),Exam May Be Required,636850,2
COMMUNITY ASSOCIATE,https://cityjobs.nyc.gov/job/community-associate-in-bronx-jid-37450,2025-10-18,,BRONX COMMUNITY BOARD #5,Bronx Community Board #5,BRONX,"W 181St St. & University Ave.,",Full-Time,"$44,545.00 – $74,134.00",Constituent Services & Community Programs,Entry-Level,No Exam Required,752023,1
"Purchase Director, Fleet and Parts",https://cityjobs.nyc.gov/job/purchase-director-fleet-and-parts-in-nyc-all-boros-jid-37449,2025-10-18,2025-11-16,DEPT OF CITYWIDE ADMIN SVCS,OCP/Agency Purchasing,NYC-ALL BOROS,"1 Centre St., N.Y.",Full-Time,"$73,419.00 – $110,864.00","Finance, Accounting, & Procurement",Experienced (Non-Manager),Exam May Be Required,752002,1
Phlebotomist,https://cityjobs.nyc.gov/job/phlebotomist-in-nyc-all-boros-jid-37448,2025-10-18,2025-12-16,DEPT OF HEALTH/MENTAL HYGIENE,Medical Services,NYC-ALL BOROS,"303 9Th Ave., N.Y.",Full-Time,"$51,148.00 – $54,808.00",Health,Experienced (Non-Manager),Exam May Be Required,752005,1
Phlebotomist,https://cityjobs.nyc.gov/job/phlebotomist-in-nyc-all-boros-jid-37447,2025-10-18,2025-12-16,DEPT OF HEALTH/MENTAL HYGIENE,Medical Services,NYC-ALL BOROS,"303 9Th Ave., N.Y.",Part-Time,$28.00 – $30.00,Health,Experienced (Non-Manager),Exam May Be Required,751991,1
Human Resources Representative,https://cityjobs.nyc.gov/job/human-resources-representative-in-nyc-all-boros-jid-37446,2025-10-18,2025-10-30,DEPT OF HEALTH/MENTAL HYGIENE,OCME - Human Resources,NYC-ALL BOROS,421 East 26th Street NY NY,Part-Time,"$47,008.00 – $58,173.00",Administration & Human Resources,Entry-Level,Exam May Be Required,751993,1
Senior Modeler,https://cityjobs.nyc.gov/job/senior-modeler-in-manhattan-jid-37445,2025-10-18,2025-10-26,DEPARTMENT OF FINANCE,Property Modeling & Research,MANHATTAN,"66 John Street, New York, Ny",Full-Time,"$98,159.00 – $112,883.00","Technology, Data & Innovation",Experienced (Non-Manager),No Exam Required,739912,1
Administrative Associate Support,https://cityjobs.nyc.gov/job/administrative-associate-support-in-manhattan-jid-37312,2025-10-16,2025-11-15,ADMIN FOR CHILDREN'S SVCS,Division Of External Affairs,MANHATTAN,"150 William Street, New York N",Full-Time,"$53,370.00 – $78,180.00",Administration & Human Resources,Experienced (Non-Manager),Exam May Be Required,739310,1
Direct Care Worker,https://cityjobs.nyc.gov/job/direct-care-worker-in-manhattan-jid-35374,2025-08-06,2025-12-16,ADMIN FOR CHILDREN'S SVCS,Children'S Center,MANHATTAN,"492 First Avenue, New York, Ny",Full-Time,"$48,094.00 – $75,866.00",Social Services,Experienced (Non-Manager),Exam May Be Required,718101,5
ELIGIBILITY SPECIALIST,https://cityjobs.nyc.gov/job/eligibility-specialist-in-manhattan-jid-28334,2024-12-10,2025-10-27,HRA/DEPT OF SOCIAL SERVICES,Office Of Investigation-NM,MANHATTAN,375 Pearl Street,Full-Time,"$45,090.00 – $51,853.00",Constituent Services & Community Programs,Experienced (Non-Manager),Exam May Be Required,684966,1
CENTER DIRECTOR,https://cityjobs.nyc.gov/job/center-director-in-bronx-jid-27332,2024-10-26,2025-10-27,HRA/DEPT OF SOCIAL SERVICES,Hasa Hiv/Aids Svcs Admin-Mgr,BRONX,"1790 Grand Concourse, Bronx",Full-Time,"$66,067.00 – $71,246.00",Administration & Human Resources,Manager,Exam May Be Required,684418,1
CASEWORKER,https://cityjobs.nyc.gov/job/caseworker-in-manhattan-jid-27144,2024-10-19,2025-10-27,HRA/DEPT OF SOCIAL SERVICES,Customized Assist Svc-NM,MANHATTAN,4 World Trade Center,Full-Time,"$46,689.00 – $53,692.00",Social Services,Entry-Level,Exam May Be Required,684833,1
JCC MANAGER,https://cityjobs.nyc.gov/job/jcc-manager-in-manhattan-jid-27064,2024-10-17,2025-10-27,DEPT. OF HOMELESS SERVICES,Street Homelessness Solutions,MANHATTAN,"33 Beaver St, New York Ny",Full-Time,"$66,067.00 – $84,000.00",Social Services,Experienced (Non-Manager),Exam May Be Required,684521,1
Certified IT Developer (Applications),https://cityjobs.nyc.gov/job/certified-it-developer-applications-in-manhattan-jid-37444,2025-10-18,2025-10-30,LAW DEPARTMENT,Information Technology,MANHATTAN,"100 Church St., N.Y.",Full-Time,"$107,137.00 – $151,503.00","Technology, Data & Innovation",Experienced (Non-Manager),Exam May Be Required,751994,1
Phlebotomist,https://cityjobs.nyc.gov/job/phlebotomist-in-nyc-all-boros-jid-37443,2025-10-18,2025-12-16,DEPT OF HEALTH/MENTAL HYGIENE,Clinical Operations,NYC-ALL BOROS,2238 Fifth Ave New York,Full-Time,"$55,187.00 – $59,140.00",Health,Experienced (Non-Manager),Exam May Be Required,751999,1
SPECIAL ASSISTANT TO THE CHIEF INFORMATION OFFICER (CIO),https://cityjobs.nyc.gov/job/special-assistant-to-the-chief-information-officer-cio-in-manhattan-jid-37442,2025-10-18,2025-12-16,HRA/DEPT OF SOCIAL SERVICES,Mgmt Information System-NM,MANHATTAN,4 World Trade Center,Full-Time,"$74,645.00 – $85,842.00",Administration & Human Resources,Experienced (Non-Manager),Exam May Be Required,751896,1
College Aide,https://cityjobs.nyc.gov/job/college-aide-in-manhattan-jid-37441,2025-10-18,2025-12-16,DISTRICT ATTORNEY-MANHATTAN,EARLY ENGAGEMENT CASE SUPPORT,MANHATTAN,"40 Worth St., N.Y.",Part-Time,$17.00 – $17.50,Administration & Human Resources,Student,No Exam Required,751795,1
Borough Enforcement Attorney,https://cityjobs.nyc.gov/job/borough-enforcement-attorney-in-bronx-jid-37392,2025-10-17,2025-11-16,DEPARTMENT OF BUILDINGS,Borough Enforcement,BRONX,1775 Grand Concourse Bronx N.Y,Full-Time,"$83,000.00 – $95,450.00",Legal Affairs,Experienced (Non-Manager),No Exam Required,751814,1
Assistant Deputy Agency Chief Contracting Officer,https://cityjobs.nyc.gov/job/assistant-deputy-agency-chief-contracting-officer-in-brooklyn-jid-37440,2025-10-18,,TECHNOLOGY & INNOVATION,Procurement & Vendor MGMT,BROOKLYN,15 Metrotech,Full-Time,"$73,419.00 – $120,000.00","Finance, Accounting, & Procurement",Experienced (Non-Manager),Exam May Be Required,751189,2
"Special Operations Training, Exercise & Response Lead",https://cityjobs.nyc.gov/job/special-operations-training-exercise-and-response-lead-in-nyc-all-boros-jid-37302,2025-10-15,2025-12-13,DEPT OF HEALTH/MENTAL HYGIENE,OCME - Emergency Management,NYC-ALL BOROS,421 East 26th Street NY NY,Full-Time,"$75,100.00 – $108,736.00",Health,Experienced (Non-Manager),No Exam Required,751204,1
FGAP DIRECTOR,https://cityjobs.nyc.gov/job/fgap-director-in-bronx-jid-37439,2025-10-18,2025-10-19,FIRE DEPARTMENT,Bronx Boro Command Loc#1501,BRONX,"3929 E Tremont Ave., Bronx",Full-Time,"$118,873.00 – $190,015.00","Public Safety, Inspections, & Enforcement",Experienced (Non-Manager),Exam May Be Required,750029,1
Senior Modeler,https://cityjobs.nyc.gov/job/senior-modeler-in-manhattan-jid-37438,2025-10-18,2025-10-27,DEPARTMENT OF FINANCE,Property Modeling & Research,MANHATTAN,"66 John Street, New York, Ny",Full-Time,"$104,676.00 – $112,883.00",Administration & Human Resources,Experienced (Non-Manager),No Exam Required,749644,1
Conference Facilitator,https://cityjobs.nyc.gov/job/conference-facilitator-in-queens-jid-37437,2025-10-18,2025-11-16,ADMIN FOR CHILDREN'S SVCS,DCP Family Team Conferencing,QUEENS,"90-25 161 Street, Jamaica Ny",Full-Time,"$84,863.00 – $114,446.00",Social Services,Experienced (Non-Manager),Exam May Be Required,749869,6
Conference Facilitator,https://cityjobs.nyc.gov/job/conference-facilitator-in-queens-jid-37436,2025-10-18,2025-11-16,ADMIN FOR CHILDREN'S SVCS,DCP Family Team Conferencing,QUEENS,"90-25 161 Street, Jamaica Ny",Full-Time,"$84,863.00 – $114,446.00",Social Services,Experienced (Non-Manager),Exam May Be Required,749864,3
Facilities Project Manager,https://cityjobs.nyc.gov/job/facilities-project-manager-in-manhattan-jid-37435,2025-10-18,,DEPT OF YOUTH & COMM DEV SRVS,YOUTH SERVICES SUPPORT,MANHATTAN,"2 Lafayette St., N.Y.",Full-Time,"$62,868.00 – $97,593.00",Constituent Services & Community Programs,Experienced (Non-Manager),No Exam Required,735822,1
ASSISTANT RESIDENT BUILDING SUPT (HA),https://cityjobs.nyc.gov/job/assistant-resident-building-supt-ha-in-manhattan-jid-36300,2025-09-10,2025-11-06,NYC HOUSING AUTHORITY,Manhattan Property Management,MANHATTAN,Drew-Hamilton Houses,Full-Time,"$54,272.00 – $83,117.00",Building Operations & Maintenance,Entry-Level,Exam May Be Required,729036,1
CA PERT SENIOR CASE REVIEWER,https://cityjobs.nyc.gov/job/ca-pert-senior-case-reviewer-in-manhattan-jid-24318,2024-06-25,2025-10-27,HRA/DEPT OF SOCIAL SERVICES,Off Of Qual Asse-Fisc Int NM,MANHATTAN,4 World Trade Center,Full-Time,"$64,137.00 – $73,758.00",Constituent Services & Community Programs,Experienced (Non-Manager),Exam May Be Required,629987,2
PH Advisor,https://cityjobs.nyc.gov/job/ph-advisor-in-nyc-all-boros-jid-37434,2025-10-18,2025-12-16,DEPT OF HEALTH/MENTAL HYGIENE,Medical Services,NYC-ALL BOROS,1309 Fulton Ave Bronx,Full-Time,"$45,433.00 – $52,248.00",Health,Experienced (Non-Manager),Exam May Be Required,751986,1
Data/Registration Clerk,https://cityjobs.nyc.gov/job/data-registration-clerk-in-nyc-all-boros-jid-37433,2025-10-18,2025-12-16,DEPT OF HEALTH/MENTAL HYGIENE,Medical Services,NYC-ALL BOROS,295 Flatbush Ext Brooklyn,Full-Time,"$45,433.00 – $52,248.00",Health,Experienced (Non-Manager),Exam May Be Required,751984,1
Director of IT,https://cityjobs.nyc.gov/job/director-of-it-in-nyc-all-boros-jid-37432,2025-10-18,2025-12-16,DEPT OF HEALTH/MENTAL HYGIENE,Food Safety & Community Sanit,NYC-ALL BOROS,"125 Worth Street, Nyc",Full-Time,"$68,214.00 – $92,760.00",Health,Experienced (Non-Manager),Exam May Be Required,751898,1
Clearance Administrator,https://cityjobs.nyc.gov/job/clearance-administrator-in-nyc-all-boros-jid-37431,2025-10-18,2025-10-30,DEPT OF HEALTH/MENTAL HYGIENE,Child Care,NYC-ALL BOROS,"125 Worth Street, Nyc",Full-Time,"$46,503.00 – $73,002.00",Constituent Services & Community Programs,Entry-Level,Exam May Be Required,751924,1
Sr. Engagement Coordinator,https://cityjobs.nyc.gov/job/sr-engagement-coordinator-in-nyc-all-boros-jid-37430,2025-10-18,2025-10-30,DEPARTMENT OF SANITATION,Office Of The Commissioner,NYC-ALL BOROS,"125 Worth Street, Nyc",Full-Time,"$100,000.00 – $120,000.00",Constituent Services & Community Programs,Experienced (Non-Manager),No Exam Required,751943,1
"Deputy Director, Recruitment",https://cityjobs.nyc.gov/job/deputy-director-recruitment-in-manhattan-jid-37429,2025-10-18,2025-10-24,ADMIN TRIALS AND HEARINGS,"Admin, GC, PI & Exec",MANHATTAN,"100 Church St., N.Y.",Full-Time,"$91,394.00 – $102,166.00",Administration & Human Resources,Experienced (Non-Manager),Exam May Be Required,751965,1
Paralegal Assistant Supervisor- Special Federal Litigation,https://cityjobs.nyc.gov/job/paralegal-assistant-supervisor-special-federal-litigation-in-manhattan-jid-37428,2025-10-18,2025-11-16,LAW DEPARTMENT,Special Federal Litigation-F,MANHATTAN,"100 Church St., N.Y.",Full-Time,"$50,198.00 – $70,247.00",Legal Affairs,Experienced (Non-Manager),Exam May Be Required,751908,1
CLIENT ADVOCATE,https://cityjobs.nyc.gov/job/client-advocate-in-manhattan-jid-37427,2025-10-18,2025-12-16,HRA/DEPT OF SOCIAL SERVICES,Constituent Services-NM,MANHATTAN,4 World Trade Center,Full-Time,"$59,715.00 – $68,672.00",Constituent Services & Community Programs,Experienced (Non-Manager),Exam May Be Required,751960,1
Tax Commission Hearing Officer,https://cityjobs.nyc.gov/job/tax-commission-hearing-officer-in-manhattan-jid-37426,2025-10-18,,TAX COMMISSION,Civ Serv & Prov Employees,MANHATTAN,"1 Centre St., N.Y.",Full-Time,"$96,638.00 – $146,052.00","Policy, Research & Analysis",Experienced (Non-Manager),No Exam Required,751906,1
BOB- Expense Analyst,https://cityjobs.nyc.gov/job/bob-expense-analyst-in-nyc-all-boros-jid-37425,2025-10-18,2025-12-12,DEPARTMENT OF TRANSPORTATION,Bureau Of Bridges Exec Hdqtr,NYC-ALL BOROS,55 Water St Ny Ny,Full-Time,"$69,054.00 – $107,793.00","Finance, Accounting, & Procurement",Experienced (Non-Manager),Exam May Be Required,751879,1
PROJECT MANAGER,https://cityjobs.nyc.gov/job/project-manager-in-manhattan-jid-37424,2025-10-18,2025-12-16,HRA/DEPT OF SOCIAL SERVICES,Budget Administration-NM,MANHATTAN,4 World Trade Center,Full-Time,"$74,536.00 – $81,991.00",Administration & Human Resources,Experienced (Non-Manager),No Exam Required,751889,1
SNAP DEPUTY DIRECTOR,https://cityjobs.nyc.gov/job/snap-deputy-director-in-bronx-jid-37423,2025-10-18,2025-12-16,HRA/DEPT OF SOCIAL SERVICES,FIA Food Stamps-NM,BRONX,2500 Halsey Street,Full-Time,"$66,062.00 – $75,971.00",Social Services,Experienced (Non-Manager),Exam May Be Required,751884,1
"Out-of-School, Out-of-Work (OSOW) Program Manager",https://cityjobs.nyc.gov/job/out-of-school-out-of-work-osow-program-manager-in-manhattan-jid-37397,2025-10-17,2025-11-15,DEPARTMENT OF BUSINESS SERV.,WF1 Operations,MANHATTAN,1 Liberty Plaza NYC,Full-Time,"$62,868.00 – $80,000.00",Constituent Services & Community Programs,Experienced (Non-Manager),No Exam Required,751816,1
CASE MANAGEMENT NURSE,https://cityjobs.nyc.gov/job/case-management-nurse-in-brooklyn-jid-35601,2025-08-14,2025-10-18,FIRE DEPARTMENT,Medical,BROOKLYN,"9 Metrotech Center, Brooklyn N",Full-Time,"$109,490.00 – $109,490.00",Health,Experienced (Non-Manager),No Exam Required,725825,1
Criminal Court Assistant,https://cityjobs.nyc.gov/job/criminal-court-assistant-in-staten-island-jid-36214,2025-09-05,,DISTRICT ATTORNEY RICHMOND COU,Criminal Court,STATEN ISLAND,"26 Central Avenue, S.I.,",Full-Time,"$51,000.00 – $53,000.00",Legal Affairs,Entry-Level,No Exam Required,732735,4
Water Resources Specialist,https://cityjobs.nyc.gov/job/water-resources-specialist-in-nyc-all-boros-jid-35775,2025-08-20,,DEPT OF PARKS & RECREATION,Natural Resources Group,NYC-ALL BOROS,105 St & 5 Ave,Full-Time,$40.80 – $40.80,Green Jobs,Experienced (Non-Manager),No Exam Required,727340,1
Accountant - Bank Reconciliation Unit,https://cityjobs.nyc.gov/job/accountant-bank-reconciliation-unit-in-manhattan-jid-37422,2025-10-18,2025-12-16,OFFICE OF THE COMPTROLLER,ACC-Bank Reconciliation,MANHATTAN,"1 Centre St., N.Y.",Full-Time,"$70,000.00 – $77,000.00","Finance, Accounting, & Procurement",Experienced (Non-Manager),Exam May Be Required,751981,1
Human Resources Representative,https://cityjobs.nyc.gov/job/human-resources-representative-in-nyc-all-boros-jid-37421,2025-10-18,2025-10-30,DEPT OF HEALTH/MENTAL HYGIENE,OCME - Human Resources,NYC-ALL BOROS,421 East 26th Street NY NY,Part-Time,$25.73 – $31.84,Administration & Human Resources,Experienced (Non-Manager),Exam May Be Required,751983,1
PH Advisor I,https://cityjobs.nyc.gov/job/ph-advisor-i-in-nyc-all-boros-jid-37420,2025-10-18,2025-12-16,DEPT OF HEALTH/MENTAL HYGIENE,Medical Services,NYC-ALL BOROS,295 Flatbush Ext Brooklyn,Part-Time,$24.87 – $28.60,Health,Experienced (Non-Manager),Exam May Be Required,751980,1
Desktop Support Engineer,https://cityjobs.nyc.gov/job/desktop-support-engineer-in-manhattan-jid-37419,2025-10-18,2026-01-16,DEPARTMENT OF INVESTIGATION,Information Technology,MANHATTAN,180 Maiden Lane,Full-Time,"$62,868.00 – $74,426.00","Technology, Data & Innovation",Experienced (Non-Manager),No Exam Required,751967,1
Accountant - Ledger Maintenance Unit,https://cityjobs.nyc.gov/job/accountant-ledger-maintenance-unit-in-manhattan-jid-37418,2025-10-18,2025-12-16,OFFICE OF THE COMPTROLLER,ACC-Ledger Maintenance,MANHATTAN,"1 Centre St., N.Y.",Full-Time,"$70,000.00 – $77,000.00","Finance, Accounting, & Procurement",Experienced (Non-Manager),Exam May Be Required,751985,1
Patient Navigator,https://cityjobs.nyc.gov/job/patient-navigator-in-nyc-all-boros-jid-37417,2025-10-18,2025-12-15,DEPT OF HEALTH/MENTAL HYGIENE,Clinical Operations,NYC-ALL BOROS,295 Flatbush Ext Brooklyn,Full-Time,"$54,799.00 – $63,019.00",Health,Experienced (Non-Manager),Exam May Be Required,751754,4
Hearing Officer,https://cityjobs.nyc.gov/job/hearing-officer-in-brooklyn-jid-37416,2025-10-18,2025-12-16,NYC HOUSING AUTHORITY,Office Of Impartial Hearings,BROOKLYN,Corp Secy-Impartial Hrngs,Full-Time,"$110,000.00 – $130,000.00",Administration & Human Resources,Experienced (Non-Manager),Exam May Be Required,751296,1
SNAP DEPUTY DIRECTOR,https://cityjobs.nyc.gov/job/snap-deputy-director-in-brooklyn-jid-37332,2025-10-16,2025-12-14,HRA/DEPT OF SOCIAL SERVICES,FIA Food Stamps-NM,BROOKLYN,95 Evergreen Ave Brooklyn,Full-Time,"$66,062.00 – $75,971.00",Social Services,Experienced (Non-Manager),Exam May Be Required,751400,1
CARETAKER X (HA),https://cityjobs.nyc.gov/job/caretaker-x-ha-in-staten-island-jid-37415,2025-10-18,2025-11-06,NYC HOUSING AUTHORITY,Queens/SI Property Mgmt,STATEN ISLAND,Mariners Harbor,Full-Time,"$36,006.00 – $50,569.00",Building Operations & Maintenance,Entry-Level,No Exam Required,751352,1
Director of Database Administration,https://cityjobs.nyc.gov/job/director-of-database-administration-in-manhattan-jid-37414,2025-10-18,2025-10-30,DEPARTMENT OF TRANSPORTATION,IT & Telecom,MANHATTAN,55 Water St Ny Ny,Full-Time,"$83,718.00 – $223,299.00","Technology, Data & Innovation",Manager,Exam May Be Required,751348,1
"General Counsel, MOME",https://cityjobs.nyc.gov/job/general-counsel-mome-in-manhattan-jid-37413,2025-10-18,,TECHNOLOGY & INNOVATION,MOME,MANHATTAN,"1 Centre St., N.Y.",Full-Time,"$103,355.00 – $160,000.00",Legal Affairs,Manager,No Exam Required,751683,1
Bus Priority Analyst,https://cityjobs.nyc.gov/job/bus-priority-analyst-in-manhattan-jid-37412,2025-10-18,2025-11-16,DEPARTMENT OF TRANSPORTATION,Transit Development,MANHATTAN,55 Water St Ny Ny,Full-Time,"$62,868.00 – $97,593.00",Constituent Services & Community Programs,Experienced (Non-Manager),No Exam Required,751413,1
Bronx Markings Borough Lead,https://cityjobs.nyc.gov/job/bronx-markings-borough-lead-in-queens-jid-37411,2025-10-18,2025-10-31,DEPARTMENT OF TRANSPORTATION,Design & Construction,QUEENS,"33-00 Northern Blvd., Lic Ny",Full-Time,"$64,432.00 – $90,442.00","Public Safety, Inspections, & Enforcement",Experienced (Non-Manager),Exam May Be Required,751216,1
IFA Budget Analyst,https://cityjobs.nyc.gov/job/ifa-budget-analyst-in-manhattan-jid-37329,2025-10-16,,DEPARTMENT OF TRANSPORTATION,Financial Management &Analysis,MANHATTAN,55 Water St Ny Ny,Full-Time,"$98,140.00 – $131,956.00","Finance, Accounting, & Procurement",Experienced (Non-Manager),Exam May Be Required,751208,1
IFA Budget Analyst,https://cityjobs.nyc.gov/job/ifa-budget-analyst-in-manhattan-jid-37382,2025-10-17,,DEPARTMENT OF TRANSPORTATION,Financial Management &Analysis,MANHATTAN,55 Water St Ny Ny,Full-Time,"$82,056.00 – $122,180.00","Finance, Accounting, & Procurement",Experienced (Non-Manager),Exam May Be Required,751212,1
Budget Analyst,https://cityjobs.nyc.gov/job/budget-analyst-in-manhattan-jid-37324,2025-10-16,,DEPARTMENT OF TRANSPORTATION,Financial Management &Analysis,MANHATTAN,55 Water St Ny Ny,Full-Time,"$82,056.00 – $122,180.00","Finance, Accounting, & Procurement",Experienced (Non-Manager),Exam May Be Required,751159,2
Budget Analyst,https://cityjobs.nyc.gov/job/budget-analyst-in-manhattan-jid-37334,2025-10-16,,DEPARTMENT OF TRANSPORTATION,Financial Management &Analysis,MANHATTAN,55 Water St Ny Ny,Full-Time,"$98,140.00 – $131,956.00","Finance, Accounting, & Procurement",Experienced (Non-Manager),Exam May Be Required,751140,2
Fleet Assistant,https://cityjobs.nyc.gov/job/fleet-assistant-in-queens-jid-37410,2025-10-18,,DEPT OF DESIGN & CONSTRUCTION,OPS/Fleet Management,QUEENS,30-30 Thomson Ave L I City Qns,Full-Time,"$39,970.00 – $43,460.00",Building Operations & Maintenance,Entry-Level,No Exam Required,750431,1
Senior Design Reviewer (Electrical),https://cityjobs.nyc.gov/job/senior-design-reviewer-electrical-in-queens-jid-37409,2025-10-18,,DEPT OF DESIGN & CONSTRUCTION,PUB BLDGS/A+E/ENGINEERING,QUEENS,30-30 Thomson Ave L I City Qns,Full-Time,"$78,908.00 – $108,150.00","Engineering, Architecture, & Planning",Experienced (Non-Manager),Exam May Be Required,750369,1
Conference Facilitator,https://cityjobs.nyc.gov/job/conference-facilitator-in-queens-jid-37408,2025-10-18,2025-11-16,ADMIN FOR CHILDREN'S SVCS,DCP Family Team Conferencing,QUEENS,"165-15 Archer Ave., Queens",Full-Time,"$84,863.00 – $114,446.00",Social Services,Experienced (Non-Manager),Exam May Be Required,749852,3
Exemptions Cust Service Sup,https://cityjobs.nyc.gov/job/exemptions-cust-service-sup-in-manhattan-jid-37407,2025-10-18,2025-11-01,DEPARTMENT OF FINANCE,PEA Customer Service/PEA-CAP,MANHATTAN,"66 John Street, New York, Ny",Full-Time,"$66,062.00 – $75,971.00",Administration & Human Resources,Experienced (Non-Manager),Exam May Be Required,749018,1
Project Manager,https://cityjobs.nyc.gov/job/project-manager-in-queens-jid-37406,2025-10-18,,DEPT OF DESIGN & CONSTRUCTION,PUB BLDGS/CPD/VARIOUS,QUEENS,30-30 Thomson Ave L I City Qns,Full-Time,"$78,740.00 – $90,551.00","Engineering, Architecture, & Planning",Experienced (Non-Manager),Exam May Be Required,747991,2
Project Manager (HazMat),https://cityjobs.nyc.gov/job/project-manager-hazmat-in-queens-jid-37405,2025-10-18,,DEPT OF DESIGN & CONSTRUCTION,SSS/Environ+Hazmat/Haz Mtrls,QUEENS,30-30 Thomson Ave L I City Qns,Full-Time,"$82,844.00 – $93,614.00","Engineering, Architecture, & Planning",Experienced (Non-Manager),Exam May Be Required,748644,1
Senior Project Manager,https://cityjobs.nyc.gov/job/senior-project-manager-in-queens-jid-37404,2025-10-18,,DEPT OF DESIGN & CONSTRUCTION,PUB BLDGS/CPD/Library/Brooklyn,QUEENS,30-30 Thomson Ave L I City Qns,Full-Time,"$86,749.00 – $99,791.00","Engineering, Architecture, & Planning",Experienced (Non-Manager),Exam May Be Required,748988,1
Deputy Agency Chief Contracting Officer,https://cityjobs.nyc.gov/job/deputy-agency-chief-contracting-officer-in-brooklyn-jid-37403,2025-10-18,,TECHNOLOGY & INNOVATION,Procurement & Vendor MGMT,BROOKLYN,15 Metrotech,Full-Time,"$73,419.00 – $155,555.00","Finance, Accounting, & Procurement",Experienced (Non-Manager),Exam May Be Required,748662,1
Motivational Interviewing Coach,https://cityjobs.nyc.gov/job/motivational-interviewing-coach-in-manhattan-jid-37402,2025-10-18,2025-11-16,ADMIN FOR CHILDREN'S SVCS,Satterwhite Academy (DPPM),MANHATTAN,"150 William Street, New York N",Full-Time,"$82,192.00 – $110,844.00","Policy, Research & Analysis",Experienced (Non-Manager),Exam May Be Required,747826,6
GIS Lead Specialist,https://cityjobs.nyc.gov/job/gis-lead-specialist-in-manhattan-jid-37401,2025-10-18,2025-10-25,DEPARTMENT OF FINANCE,A/C Property Valuation,MANHATTAN,"66 John Street, New York, Ny",Full-Time,"$98,159.00 – $110,893.00",Administration & Human Resources,Experienced (Non-Manager),No Exam Required,739906,1
"Dep Dir., GIS & Op Analysis",https://cityjobs.nyc.gov/job/dep-dir-gis-and-op-analysis-in-manhattan-jid-37400,2025-10-18,2025-10-26,DEPARTMENT OF FINANCE,Property Modeling & Research,MANHATTAN,"66 John Street, New York, Ny",Full-Time,"$109,565.00 – $126,000.00",Communications & Intergovernmental Affairs,Experienced (Non-Manager),No Exam Required,739904,1
Timekeeper,https://cityjobs.nyc.gov/job/timekeeper-in-brooklyn-jid-37038,2025-10-04,2025-10-31,DISTRICT ATTORNEY KINGS COUNTY,Payroll Management Unit,BROOKLYN,"350 Jay St, Brooklyn Ny",Full-Time,"$53,690.00 – $53,690.00",Administration & Human Resources,Experienced (Non-Manager),No Exam Required,735866,1
Supervising City Planner,https://cityjobs.nyc.gov/job/supervising-city-planner-in-manhattan-jid-37399,2025-10-18,2025-10-25,DEPARTMENT OF FINANCE,Property Tax Systems Unit,MANHATTAN,"66 John Street, New York, Ny",Full-Time,"$85,175.00 – $97,951.00",Constituent Services & Community Programs,Experienced (Non-Manager),Exam May Be Required,739897,1
"Senior Advisor, Youth Services Division",https://cityjobs.nyc.gov/job/senior-advisor-youth-services-division-in-manhattan-jid-37398,2025-10-18,,DEPT OF YOUTH & COMM DEV SRVS,Dep Commissioner For Youth Se,MANHATTAN,"2 Lafayette St., N.Y.",Full-Time,"$68,213.00 – $170,000.00",Constituent Services & Community Programs,Manager,Exam May Be Required,735833,1
Tax Commission Hearing Officer,https://cityjobs.nyc.gov/job/tax-commission-hearing-officer-in-manhattan-jid-34107,2025-06-19,,TAX COMMISSION,Civ Serv & Prov Employees,MANHATTAN,"1 Centre St., N.Y.",Full-Time,"$96,638.00 – $146,052.00","Policy, Research & Analysis",Experienced (Non-Manager),No Exam Required,717015,1
Sr Tax Conciliator Attorney,https://cityjobs.nyc.gov/job/sr-tax-conciliator-attorney-in-manhattan-jid-34195,2025-06-25,2025-11-16,DEPARTMENT OF FINANCE,Conciliations,MANHATTAN,375 Pearl Street,Full-Time,"$92,525.00 – $106,404.00",Legal Affairs,Experienced (Non-Manager),No Exam Required,716690,2
"Computer Associate (Software), Level III",https://cityjobs.nyc.gov/job/computer-associate-software-level-iii-in-nyc-all-boros-jid-34577,2025-07-08,2025-11-01,POLICE DEPARTMENT,INFO TECHNOLOGY SRV DIV/CIV,NYC-ALL BOROS,"1 Police Plaza, N.Y.",Full-Time,"$88,997.00 – $130,282.00","Technology, Data & Innovation",Experienced (Non-Manager),Exam May Be Required,718773,1
Senior AppDev Engineer,https://cityjobs.nyc.gov/job/senior-appdev-engineer-in-nyc-all-boros-jid-32747,2025-05-03,2025-11-01,POLICE DEPARTMENT,INFO TECHNOLOGY SRV DIV/CIV,NYC-ALL BOROS,"1 Police Plaza, N.Y.",Full-Time,"$111,313.00 – $128,010.00","Technology, Data & Innovation",Experienced (Non-Manager),Exam May Be Required,713394,1
"Director, Sheriff Legal",https://cityjobs.nyc.gov/job/director-sheriff-legal-in-queens-jid-35372,2025-08-06,2025-11-16,DEPARTMENT OF FINANCE,General Counsel,QUEENS,30-10 Starr Avenue,Full-Time,"$140,000.00 – $145,000.00",Legal Affairs,Manager,No Exam Required,720075,1
EXECUTIVE ASSISTANT/TECHNICAL BUSINESS ANALYST,https://cityjobs.nyc.gov/job/executive-assistant-technical-business-analyst-in-manhattan-jid-27334,2024-10-26,2025-10-27,HRA/DEPT OF SOCIAL SERVICES,Fiscal Operations-NM,MANHATTAN,4 World Trade Center,Full-Time,"$45,040.00 – $51,796.00","Finance, Accounting, & Procurement",Experienced (Non-Manager),Exam May Be Required,685912,1
DEPUTY DIRECTOR OF ONBOARDING,https://cityjobs.nyc.gov/job/deputy-director-of-onboarding-in-manhattan-jid-27171,2024-10-22,2025-10-27,HRA/DEPT OF SOCIAL SERVICES,Office Of HR Solutions-NM,MANHATTAN,4 World Trade Center,Full-Time,"$76,301.00 – $85,666.00",Administration & Human Resources,Experienced (Non-Manager),Exam May Be Required,685126,1
FAIR HEARING GROUP CLERK,https://cityjobs.nyc.gov/job/fair-hearing-group-clerk-in-brooklyn-jid-27485,2024-11-01,2025-10-27,HRA/DEPT OF SOCIAL SERVICES,Fair Hearing NM,BROOKLYN,470 Vanderbilt Ave,Full-Time,"$40,957.00 – $47,100.00",Administration & Human Resources,Experienced (Non-Manager),Exam May Be Required,686579,1
"Mass Prophylaxis Plan Manager, Bureau of Emergency Field Operations",https://cityjobs.nyc.gov/job/mass-prophylaxis-plan-manager-bureau-of-emergency-field-operations-in-queens-jid-27201,2024-10-23,2025-12-16,DEPT OF HEALTH/MENTAL HYGIENE,EPR-EMR. Field Ops,QUEENS,42-09 28th Street,Full-Time,"$71,979.00 – $88,478.00",Health,Experienced (Non-Manager),No Exam Required,685271,1
Director for Data Operations and Program Analytics,https://cityjobs.nyc.gov/job/director-for-data-operations-and-program-analytics-in-manhattan-jid-36957,2025-10-02,,DEPT OF YOUTH & COMM DEV SRVS,Event Plan & Initi Coor (EPIC),MANHATTAN,"2 Lafayette St., N.Y.",Full-Time,"$62,868.00 – $97,593.00",Constituent Services & Community Programs,Experienced (Non-Manager),No Exam Required,732757,1
Junior Engineer (Capital / Scope),https://cityjobs.nyc.gov/job/junior-engineer-capital-scope-in-queens-jid-31727,2025-03-29,,DEPT OF DESIGN & CONSTRUCTION,INFRA/PGRM MGMT/E&SS/EXEC,QUEENS,30-30 Thomson Ave L I City Qns,Full-Time,"$57,866.00 – $66,546.00","Engineering, Architecture, & Planning",Entry-Level,Exam May Be Required,709067,1
"Deputy Director, M/WBE Officer",https://cityjobs.nyc.gov/job/deputy-director-m-wbe-officer-in-queens-jid-33182,2025-05-16,,DEPT OF DESIGN & CONSTRUCTION,ODIR/MWBE,QUEENS,30-30 Thomson Ave L I City Qns,Full-Time,"$73,419.00 – $124,511.00","Engineering, Architecture, & Planning",Experienced (Non-Manager),Exam May Be Required,714430,1
"Chief of Capital Distribution and Drainage for Manhattan, Bronx and Staten Island",https://cityjobs.nyc.gov/job/chief-of-capital-distribution-and-drainage-for-manhattan-bronx-and-staten-island-in-nyc-all-boros-jid-31108,2025-03-14,,DEPT OF ENVIRONMENT PROTECTION,Program Management,NYC-ALL BOROS,96-05 Horace Harding Expway,Full-Time,"$120,000.00 – $171,486.00","Engineering, Architecture, & Planning",Manager,Exam May Be Required,706093,1
CAMA ANALYST,https://cityjobs.nyc.gov/job/cama-analyst-in-manhattan-jid-27060,2024-10-17,2025-10-27,HRA/DEPT OF SOCIAL SERVICES,Fiscal Operations-NM,MANHATTAN,4 World Trade Center,Full-Time,"$63,043.00 – $72,499.00","Finance, Accounting, & Procurement",Experienced (Non-Manager),Exam May Be Required,684404,1
SYSTEM PROGRAMER,https://cityjobs.nyc.gov/job/system-programer-in-manhattan-jid-27495,2024-11-01,2025-10-27,HRA/DEPT OF SOCIAL SERVICES,Off Of Child Enforc-NM,MANHATTAN,2 Washington Street,Full-Time,"$96,086.00 – $123,796.00",Administration & Human Resources,Experienced (Non-Manager),Exam May Be Required,682865,1
COMMUNITY ASSISTANT,https://cityjobs.nyc.gov/job/community-assistant-in-bronx-jid-26705,2024-10-03,2025-10-27,DEPT. OF HOMELESS SERVICES,Family Services,BRONX,151 East 151st Street,Full-Time,"$38,712.00 – $42,092.00",Social Services,Entry-Level,No Exam Required,682717,1
COMMUNITY ASSOCIATE,https://cityjobs.nyc.gov/job/community-associate-in-manhattan-jid-26848,2024-10-10,2025-10-27,DEPT. OF HOMELESS SERVICES,Family Services,MANHATTAN,"430 East 30 Street, New York N",Full-Time,"$43,143.00 – $49,615.00",Constituent Services & Community Programs,Experienced (Non-Manager),No Exam Required,682995,1
"DIRECTOR, BRONX BOROUGH OFFICE",https://cityjobs.nyc.gov/job/director-bronx-borough-office-in-brooklyn-jid-26891,2024-10-10,2025-10-27,HRA/DEPT OF SOCIAL SERVICES,Adult Protective Services-Mgr,BROOKLYN,2500 Halsey Street,Full-Time,"$66,067.00 – $125,738.00",Administration & Human Resources,Manager,Exam May Be Required,683404,1
FAMILY WORKER,https://cityjobs.nyc.gov/job/family-worker-in-bronx-jid-26925,2024-10-11,2025-10-27,DEPT. OF HOMELESS SERVICES,Family Services,BRONX,151 East 151st Street,Full-Time,"$57,490.00 – $90,578.00",Green Jobs,Experienced (Non-Manager),Exam May Be Required,683643,1
CRPU ASSOCIATE,https://cityjobs.nyc.gov/job/crpu-associate-in-manhattan-jid-26972,2024-10-12,2025-10-27,HRA/DEPT OF SOCIAL SERVICES,Housing-Homles SV/INIT NM,MANHATTAN,"109 E 16Th St., N.Y.",Full-Time,"$47,708.00 – $54,864.00",Social Services,Experienced (Non-Manager),Exam May Be Required,684380,4
INTAKE WORKER,https://cityjobs.nyc.gov/job/intake-worker-in-manhattan-jid-26699,2024-10-03,2025-10-27,DEPT. OF HOMELESS SERVICES,Family Services,MANHATTAN,"430 East 30 Street, New York N",Full-Time,"$43,143.00 – $49,615.00",Social Services,Entry-Level,No Exam Required,682437,1
RESOURCE SPECIALIST,https://cityjobs.nyc.gov/job/resource-specialist-in-manhattan-jid-26563,2024-09-27,2025-10-27,DEPT. OF HOMELESS SERVICES,Family Services,MANHATTAN,"430 East 30 Street, New York N",Full-Time,"$60,889.00 – $70,022.00",Social Services,Experienced (Non-Manager),No Exam Required,682003,1
COMMUNITY ASSISTANT,https://cityjobs.nyc.gov/job/community-assistant-in-queens-jid-26204,2024-09-13,2025-10-27,DEPT. OF HOMELESS SERVICES,Adult Services,QUEENS,"175-10 88Th Ave Queens, N.Y",Full-Time,"$38,712.00 – $42,092.00",Constituent Services & Community Programs,Entry-Level,No Exam Required,679616,1
COMMUNITY ASSISTANT,https://cityjobs.nyc.gov/job/community-assistant-in-bronx-jid-26218,,,,,,,,,,,,,
RESOURCE SPECIALIST,https://cityjobs.nyc.gov/job/resource-specialist-in-manhattan-jid-26528,2024-09-27,2025-10-27,DEPT. OF HOMELESS SERVICES,Family Services,MANHATTAN,"430 East 30 Street, New York N",Full-Time,"$60,889.00 – $70,022.00",Social Services,Experienced (Non-Manager),No Exam Required,679666,1
COMMUNITY ASSOCIATE,https://cityjobs.nyc.gov/job/community-associate-in-bronx-jid-26242,2024-09-14,2025-10-27,DEPT. OF HOMELESS SERVICES,Family Services,BRONX,151 East 151st Street,Full-Time,"$43,143.00 – $49,615.00",Social Services,Entry-Level,No Exam Required,679957,1
REHOUSING SUPPORT ANALYST,https://cityjobs.nyc.gov/job/rehousing-support-analyst-in-manhattan-jid-26556,2024-09-27,2025-10-27,DEPT. OF HOMELESS SERVICES,Rehousing Division,MANHATTAN,"33 Beaver St, New York Ny",Full-Time,"$70,310.00 – $80,856.00","Policy, Research & Analysis",Experienced (Non-Manager),Exam May Be Required,681700,1
EXECUTIVE ASSISTANT,https://cityjobs.nyc.gov/job/executive-assistant-in-manhattan-jid-22218,2024-04-06,2025-10-27,DEPT. OF HOMELESS SERVICES,Family Services,MANHATTAN,"33 Beaver St, New York Ny",Full-Time,"$66,349.00 – $76,301.00",Administration & Human Resources,Experienced (Non-Manager),Exam May Be Required,632418,1
DIRECTOR OF PACKET REVIEW AND PROCESSING,https://cityjobs.nyc.gov/job/director-of-packet-review-and-processing-in-manhattan-jid-20004,2024-01-30,2025-10-27,DEPT. OF HOMELESS SERVICES,Rehousing Division,MANHATTAN,"33 Beaver St, New York Ny",Full-Time,"$69,826.00 – $100,000.00",Social Services,Experienced (Non-Manager),Exam May Be Required,624974,1
RESOURCE SPECIALIST,https://cityjobs.nyc.gov/job/resource-specialist-in-manhattan-jid-22621,2024-04-20,2025-10-27,DEPT. OF HOMELESS SERVICES,Adult Services,MANHATTAN,"430 East 30 Street, New York N",Full-Time,"$59,116.00 – $67,983.00",Constituent Services & Community Programs,Experienced (Non-Manager),No Exam Required,633772,1
DIRECTOR,https://cityjobs.nyc.gov/job/director-in-manhattan-jid-19927,2024-01-27,2025-10-27,DEPT. OF HOMELESS SERVICES,Adult Services,MANHATTAN,"430 East 30 Street, New York N",Full-Time,"$70,011.00 – $108,343.00",Social Services,Manager,Exam May Be Required,624560,1
COMMUNITY ASSOCIATE,https://cityjobs.nyc.gov/job/community-associate-in-bronx-jid-22628,2024-04-20,2025-10-27,DEPT. OF HOMELESS SERVICES,Family Services,BRONX,151 East 151st Street,Full-Time,"$41,887.00 – $69,709.00",Administration & Human Resources,Entry-Level,No Exam Required,633916,3
SOCIAL WORKER,https://cityjobs.nyc.gov/job/social-worker-in-bronx-jid-22627,2024-04-20,2025-10-27,DEPT. OF HOMELESS SERVICES,Family Services,BRONX,151 East 151st Street,Full-Time,"$55,816.00 – $79,357.00",Administration & Human Resources,Experienced (Non-Manager),Exam May Be Required,633933,1
INTAKE WORKER,https://cityjobs.nyc.gov/job/intake-worker-in-manhattan-jid-22636,2024-04-20,2025-10-27,DEPT. OF HOMELESS SERVICES,Adult Services,MANHATTAN,"430 East 30 Street, New York N",Full-Time,"$41,887.00 – $48,170.00",Constituent Services & Community Programs,Experienced (Non-Manager),No Exam Required,633787,2
EEO Investigator,https://cityjobs.nyc.gov/job/eeo-investigator-in-brooklyn-jid-36829,2025-09-26,,TECHNOLOGY & INNOVATION,"Diversity, Inclusion & EEO",BROOKLYN,2 Metro Tech,Full-Time,"$69,995.00 – $69,995.00",Administration & Human Resources,Experienced (Non-Manager),No Exam Required,733810,1
ENERGY ANALYST,https://cityjobs.nyc.gov/job/energy-analyst-in-brooklyn-jid-25951,2024-08-31,2025-10-27,DEPT. OF HOMELESS SERVICES,"Facilities, Maint And Repair",BROOKLYN,"101-07 Farragut Road, Brooklyn",Full-Time,"$76,262.00 – $87,701.00",Building Operations & Maintenance,Manager,Exam May Be Required,650452,1
SOCIAL WORKER,https://cityjobs.nyc.gov/job/social-worker-in-manhattan-jid-27050,2024-10-17,2025-10-27,DEPT. OF HOMELESS SERVICES,Adult Services,MANHATTAN,"33 Beaver St, New York Ny",Full-Time,"$74,781.00 – $85,998.00",Constituent Services & Community Programs,Experienced (Non-Manager),Exam May Be Required,647932,1
PROGRAM ADMINISTRATOR,https://cityjobs.nyc.gov/job/program-administrator-in-manhattan-jid-26017,2024-09-05,2025-10-27,DEPT. OF HOMELESS SERVICES,Managerial,MANHATTAN,"33 Beaver St, New York Ny",Full-Time,"$81,083.00 – $140,000.00",Communications & Intergovernmental Affairs,Manager,Exam May Be Required,656953,1
RESOURCE SPECIALIST,https://cityjobs.nyc.gov/job/resource-specialist-in-brooklyn-jid-25469,2024-08-14,2025-10-27,DEPT. OF HOMELESS SERVICES,Adult Services,BROOKLYN,"681 Clarkson Ave Bldg D, Bklyn",Full-Time,"$60,889.00 – $70,022.00",Communications & Intergovernmental Affairs,Experienced (Non-Manager),No Exam Required,646423,2
FAMILY WORKER,https://cityjobs.nyc.gov/job/family-worker-in-bronx-jid-25848,2024-08-27,2025-10-27,DEPT. OF HOMELESS SERVICES,Family Services,BRONX,151 East 151st Street,Full-Time,"$57,490.00 – $66,114.00",Social Services,Experienced (Non-Manager),Exam May Be Required,647908,2
COMMUNITY ASSISTANT,https://cityjobs.nyc.gov/job/community-assistant-in-manhattan-jid-25059,2024-07-26,2025-10-27,DEPT. OF HOMELESS SERVICES,Adult Services,MANHATTAN,"430 East 30 Street, New York N",Full-Time,"$38,712.00 – $42,092.00",Social Services,Entry-Level,No Exam Required,643831,1
PROJECT MANAGER,https://cityjobs.nyc.gov/job/project-manager-in-brooklyn-jid-26725,2024-10-04,2025-10-27,DEPT. OF HOMELESS SERVICES,"Facilities, Maint And Repair",BROOKLYN,"101-07 Farragut Road, Brooklyn",Full-Time,"$76,262.00 – $87,701.00",Social Services,Manager,Exam May Be Required,647696,1
Goods & Services Procurement Section Unit Lead,https://cityjobs.nyc.gov/job/goods-and-services-procurement-section-unit-lead-in-nyc-all-boros-jid-12147,2023-08-21,2025-10-27,DEPT OF ENVIRONMENT PROTECTION,BWT - PROCUREMENT,NYC-ALL BOROS,96-05 Horace Harding Expway,Full-Time,"$65,232.00 – $151,810.00","Finance, Accounting, & Procurement",Experienced (Non-Manager),Exam May Be Required,582767,1
JCC MANAGER,https://cityjobs.nyc.gov/job/jcc-manager-in-manhattan-jid-19193,2024-01-06,2025-10-27,DEPT. OF HOMELESS SERVICES,Street Homelessness Solutions,MANHATTAN,"260 Eleventh Ave., N.Y.",Full-Time,"$64,749.00 – $69,826.00",Constituent Services & Community Programs,Experienced (Non-Manager),Exam May Be Required,622069,1
Procurement Analyst,https://cityjobs.nyc.gov/job/procurement-analyst-in-nyc-all-boros-jid-9682,2023-08-21,2025-10-27,DEPT OF ENVIRONMENT PROTECTION,BWS - BUREAU ADMINISTRATION,NYC-ALL BOROS,96-05 Horace Harding Expway,Full-Time,"$50,972.00 – $82,730.00","Finance, Accounting, & Procurement",Entry-Level,Exam May Be Required,596319,4
CASEWORKER,https://cityjobs.nyc.gov/job/caseworker-in-manhattan-jid-24649,2024-07-10,2025-10-27,DEPT. OF HOMELESS SERVICES,Adult Services,MANHATTAN,"430 East 30 Street, New York N",Full-Time,"$46,689.00 – $53,692.00",Constituent Services & Community Programs,Experienced (Non-Manager),Exam May Be Required,640681,1
COMMUNITY ASSISTANT,https://cityjobs.nyc.gov/job/community-assistant-in-brooklyn-jid-24820,2024-07-17,2025-10-27,DEPT. OF HOMELESS SERVICES,Adult Services,BROOKLYN,"39 Auburn Pl, Brooklyn",Full-Time,"$37,584.00 – $46,104.00",Constituent Services & Community Programs,Entry-Level,No Exam Required,642350,1
SHELTER DIRECTOR,https://cityjobs.nyc.gov/job/shelter-director-in-manhattan-jid-24037,2024-06-13,2025-10-27,DEPT. OF HOMELESS SERVICES,Managerial,MANHATTAN,"430 East 30 Street, New York N",Full-Time,"$73,068.00 – $125,000.00",Administration & Human Resources,Manager,Exam May Be Required,638274,1
INTAKE WORKER,https://cityjobs.nyc.gov/job/intake-worker-in-brooklyn-jid-24429,2024-06-28,2025-10-27,DEPT. OF HOMELESS SERVICES,Adult Services,BROOKLYN,"1322 Bedford Avenue, Bklyn.",Full-Time,"$41,887.00 – $49,615.00",Constituent Services & Community Programs,Experienced (Non-Manager),No Exam Required,639576,1
ADMINISTRATIVE ASSISTANT,https://cityjobs.nyc.gov/job/administrative-assistant-in-manhattan-jid-24958,2024-07-23,2025-10-27,DEPT. OF HOMELESS SERVICES,Housing Emergency Ref Op,MANHATTAN,"33 Beaver St, New York Ny",Full-Time,"$39,763.00 – $64,420.00",Administration & Human Resources,Entry-Level,Exam May Be Required,643115,1
PROGRAM ANALYST,https://cityjobs.nyc.gov/job/program-analyst-in-manhattan-jid-24681,2024-07-11,2025-10-27,DEPT. OF HOMELESS SERVICES,Adult Services,MANHATTAN,"33 Beaver St, New York Ny",Full-Time,"$77,158.00 – $88,732.00",Constituent Services & Community Programs,Experienced (Non-Manager),Exam May Be Required,640771,1
COMMUNITY ASSOCIATE,https://cityjobs.nyc.gov/job/community-associate-in-bronx-jid-24701,2024-07-11,2025-10-27,DEPT. OF HOMELESS SERVICES,Family Services,BRONX,151 East 151st Street,Full-Time,"$43,143.00 – $49,615.00",Constituent Services & Community Programs,Experienced (Non-Manager),No Exam Required,640748,2
COMMUNITY ASSISTANT,https://cityjobs.nyc.gov/job/community-assistant-in-brooklyn-jid-23396,2024-05-18,2025-10-27,DEPT. OF HOMELESS SERVICES,Administrative Services,BROOKLYN,"101-07 Farragut Road, Brooklyn",Full-Time,"$37,584.00 – $46,104.00",Building Operations & Maintenance,Entry-Level,No Exam Required,636372,1
CASEWORKER,https://cityjobs.nyc.gov/job/caseworker-in-brooklyn-jid-23316,2024-05-16,2025-10-27,DEPT. OF HOMELESS SERVICES,Adult Services,BROOKLYN,"681 Clarkson Ave Bldg D, Bklyn",Full-Time,"$45,329.00 – $77,633.00",Constituent Services & Community Programs,Experienced (Non-Manager),Exam May Be Required,636013,1
COMMUNITY ASSISTANT,https://cityjobs.nyc.gov/job/community-assistant-in-brooklyn-jid-25358,2024-08-09,2025-10-27,DEPT. OF HOMELESS SERVICES,Adult Services,BROOKLYN,"681 Clarkson Ave Bldg D, Bklyn",Full-Time,"$37,584.00 – $46,104.00",Social Services,Entry-Level,No Exam Required,637890,1
SUPERVISOR 1,https://cityjobs.nyc.gov/job/supervisor-1-in-bronx-jid-23558,2024-05-24,2025-10-27,DEPT. OF HOMELESS SERVICES,Family Services,BRONX,151 East 151st Street,Full-Time,"$55,946.00 – $89,698.00",Constituent Services & Community Programs,Experienced (Non-Manager),Exam May Be Required,636852,2
COMMUNITY ASSISTANT,https://cityjobs.nyc.gov/job/community-assistant-in-bronx-jid-22781,2024-04-27,2025-10-27,DEPT. OF HOMELESS SERVICES,Family Services,BRONX,151 East 151st Street,Full-Time,"$37,584.00 – $46,104.00",Administration & Human Resources,Entry-Level,No Exam Required,634547,1
PROGRAM ANALYST,https://cityjobs.nyc.gov/job/program-analyst-in-manhattan-jid-23670,2024-05-30,2025-10-27,DEPT. OF HOMELESS SERVICES,Family Services,MANHATTAN,"33 Beaver St, New York Ny",Full-Time,"$92,283.00 – $124,080.00",Constituent Services & Community Programs,Experienced (Non-Manager),Exam May Be Required,636950,5
Electrician,https://cityjobs.nyc.gov/job/electrician-in-queens-jid-9575,2023-08-21,2025-10-27,DEPT OF ENVIRONMENT PROTECTION,Universal Metering Inspection,QUEENS,96-05 Horace Harding Expway,Full-Time,$440.16 – $440.16,"Technology, Data & Innovation",Experienced (Non-Manager),Exam May Be Required,596565,1
Molecular Biologist,https://cityjobs.nyc.gov/job/molecular-biologist-in-nyc-all-boros-jid-12193,2023-08-21,2025-10-27,DEPT OF ENVIRONMENT PROTECTION,NEWTOWN CREEK MICROBIOLOGY LAB,NYC-ALL BOROS,"329 Greenpoint Ave., Brooklyn",Full-Time,"$63,962.00 – $89,003.00","Policy, Research & Analysis",Experienced (Non-Manager),Exam May Be Required,581749,2
Assistant Chemical Engineer,https://cityjobs.nyc.gov/job/assistant-chemical-engineer-in-nyc-all-boros-jid-10702,2023-08-21,2025-10-27,DEPT OF ENVIRONMENT PROTECTION,PROCESS SUPPORT & COMPLIANCE,NYC-ALL BOROS,96-05 Horace Harding Expway,Full-Time,"$62,370.00 – $93,587.00","Technology, Data & Innovation",Entry-Level,Exam May Be Required,598059,7
CHIEF MARINE ENGINEER (DIESEL),https://cityjobs.nyc.gov/job/chief-marine-engineer-diesel-in-manhattan-jid-16036,2023-10-07,2025-10-27,DEPT OF ENVIRONMENT PROTECTION,Marine Section,MANHATTAN,"Wards Island, N.Y.",Full-Time,"$87,792.00 – $87,792.00",Building Operations & Maintenance,Experienced (Non-Manager),Exam May Be Required,598782,2
Executive Assistant,https://cityjobs.nyc.gov/job/executive-assistant-in-manhattan-jid-33394,2025-05-23,,MAYORS OFFICE OF CONTRACT SVCS,Office Of The Director,MANHATTAN,255 Greenwich Street,Full-Time,"$65,000.00 – $65,000.00",Administration & Human Resources,Experienced (Non-Manager),No Exam Required,715239,1
Program Coordinator,https://cityjobs.nyc.gov/job/program-coordinator-in-brooklyn-jid-36851,2025-09-27,,TECHNOLOGY & INNOVATION,Human Resources,BROOKLYN,15 Metrotech,Full-Time,"$62,868.00 – $62,868.00",Administration & Human Resources,Experienced (Non-Manager),No Exam Required,740123,1
ANALYST,https://cityjobs.nyc.gov/job/analyst-in-manhattan-jid-36186,2025-09-05,2025-11-03,DEPT. OF HOMELESS SERVICES,Street Homelessness Solutions,MANHATTAN,"260 Eleventh Ave., N.Y.",Full-Time,"$60,549.00 – $69,631.00",Administration & Human Resources,Experienced (Non-Manager),Exam May Be Required,732756,1
Compliance and Audits Manager,https://cityjobs.nyc.gov/job/compliance-and-audits-manager-in-manhattan-jid-33917,2025-06-12,,DEPARTMENT OF SANITATION,Division Of Commercial Waste,MANHATTAN,375 Pearl Street,Full-Time,"$75,370.00 – $114,000.00",Administration & Human Resources,Experienced (Non-Manager),Exam May Be Required,716759,1
DESIGN LEAD ARCHITECTURAL,https://cityjobs.nyc.gov/job/design-lead-architectural-in-queens-jid-11002,2023-08-21,2025-10-27,DEPT OF ENVIRONMENT PROTECTION,ARCHITECTURAL DESIGN,QUEENS,96-05 Horace Harding Expway,Full-Time,"$90,114.00 – $122,168.00","Engineering, Architecture, & Planning",Experienced (Non-Manager),Exam May Be Required,579947,1
CIVIL ENGINEER II,https://cityjobs.nyc.gov/job/civil-engineer-ii-in-nyc-all-boros-jid-12591,2023-08-21,2025-10-27,DEPT OF ENVIRONMENT PROTECTION,COLLECTIONS ENGINEERING,NYC-ALL BOROS,96-05 Horace Harding Expway,Full-Time,"$80,557.00 – $111,917.00","Engineering, Architecture, & Planning",Experienced (Non-Manager),Exam May Be Required,564037,1
BIM DESIGNER,https://cityjobs.nyc.gov/job/bim-designer-in-queens-jid-12666,2023-08-21,2025-10-27,DEPT OF ENVIRONMENT PROTECTION,UPSTATE CAPITAL CONSTR. - IFA,QUEENS,"465 Columbus Ave. Valhalla, Ny",Full-Time,"$76,627.00 – $119,610.00","Engineering, Architecture, & Planning",Experienced (Non-Manager),Exam May Be Required,559174,1
College Aide,https://cityjobs.nyc.gov/job/college-aide-in-manhattan-jid-36355,2025-09-11,2025-12-10,DEPARTMENT OF INVESTIGATION,Various Units,MANHATTAN,180 Maiden Lane,Full-Time,$17.00 – $21.40,"Public Safety, Inspections, & Enforcement",Student,No Exam Required,735132,6
Office Associate,https://cityjobs.nyc.gov/job/office-associate-in-nyc-all-boros-jid-34310,2025-06-27,2026-06-25,DEPT OF HEALTH/MENTAL HYGIENE,Child Care,NYC-ALL BOROS,"125 Worth Street, Nyc",Full-Time,"$38,173.00 – $43,899.00",Health,Experienced (Non-Manager),Exam May Be Required,717652,1
ATTORNEY INTERNE,https://cityjobs.nyc.gov/job/attorney-interne-in-manhattan-jid-28413,2024-12-12,2025-10-27,HRA/DEPT OF SOCIAL SERVICES,Office Of Legal Affairs-NM,MANHATTAN,4 World Trade Center,Full-Time,"$70,228.00 – $80,763.00",Communications & Intergovernmental Affairs,Entry-Level,No Exam Required,692464,1
AGENCY ATTORNEY INTERNE,https://cityjobs.nyc.gov/job/agency-attorney-interne-in-manhattan-jid-28390,2024-12-11,2025-10-27,HRA/DEPT OF SOCIAL SERVICES,Office Of Legal Affairs-NM,MANHATTAN,4 World Trade Center,Full-Time,"$70,228.00 – $80,763.00",Communications & Intergovernmental Affairs,Experienced (Non-Manager),No Exam Required,692783,1
"DIRECTOR, TRADE SHOP",https://cityjobs.nyc.gov/job/director-trade-shop-in-manhattan-jid-28296,2024-12-07,2025-10-27,HRA/DEPT OF SOCIAL SERVICES,General Support Services-MGR,MANHATTAN,375 Pearl Street,Full-Time,"$107,502.00 – $157,468.00",Building Operations & Maintenance,Manager,Exam May Be Required,691609,1
SENIOR FISCAL AUDITOR/ SPECIAL PROJECT ANALYST,https://cityjobs.nyc.gov/job/senior-fiscal-auditor-special-project-analyst-in-manhattan-jid-27989,2024-11-23,2025-10-27,HRA/DEPT OF SOCIAL SERVICES,Fiscal Operations-NM,MANHATTAN,4 World Trade Center,Full-Time,"$64,137.00 – $73,758.00","Finance, Accounting, & Procurement",Experienced (Non-Manager),Exam May Be Required,689839,1
QUALITY ASSURANCE ANALYST,https://cityjobs.nyc.gov/job/quality-assurance-analyst-in-manhattan-jid-27995,2024-11-23,2025-10-27,HRA/DEPT OF SOCIAL SERVICES,Fiscal Operations-NM,MANHATTAN,4 World Trade Center,Full-Time,"$64,137.00 – $73,758.00","Finance, Accounting, & Procurement",Experienced (Non-Manager),Exam May Be Required,689821,1
VPS CARE COORDINATOR,https://cityjobs.nyc.gov/job/vps-care-coordinator-in-manhattan-jid-27885,2024-11-20,2025-10-27,HRA/DEPT OF SOCIAL SERVICES,Customized Assist Svc-NM,MANHATTAN,"33 Beaver St, New York Ny",Full-Time,"$84,981.00 – $106,654.00",Mental Health,Experienced (Non-Manager),No Exam Required,689267,1
"ASSISTANT DIRECT, EFNAP",https://cityjobs.nyc.gov/job/assistant-direct-efnap-in-manhattan-jid-27573,2024-11-06,2025-10-27,HRA/DEPT OF SOCIAL SERVICES,Domestic Violence-NM,MANHATTAN,4 World Trade Center,Full-Time,"$66,067.00 – $89,738.00",Administration & Human Resources,Experienced (Non-Manager),Exam May Be Required,687192,1
Clearance Administrator,https://cityjobs.nyc.gov/job/clearance-administrator-in-nyc-all-boros-jid-35524,2025-08-12,2026-08-08,DEPT OF HEALTH/MENTAL HYGIENE,Child Care,NYC-ALL BOROS,"125 Worth Street, Nyc",Full-Time,"$48,206.00 – $55,437.00",Health,Experienced (Non-Manager),Exam May Be Required,724911,1
PROCESS ANALYST,https://cityjobs.nyc.gov/job/process-analyst-in-manhattan-jid-27512,2024-11-02,2025-10-27,HRA/DEPT OF SOCIAL SERVICES,Off Of Child Enforc-NM,MANHATTAN,4 World Trade Center,Full-Time,"$80,856.00 – $90,049.00",Constituent Services & Community Programs,Experienced (Non-Manager),Exam May Be Required,686979,2
CLAIMING ASSOCIATE,https://cityjobs.nyc.gov/job/claiming-associate-in-manhattan-jid-28458,2024-12-13,2025-10-27,HRA/DEPT OF SOCIAL SERVICES,Fiscal Operations-NM,MANHATTAN,4 World Trade Center,Full-Time,"$57,750.00 – $70,490.00",Administration & Human Resources,Experienced (Non-Manager),Exam May Be Required,693194,1
REVENUE ASSOCIATE,https://cityjobs.nyc.gov/job/revenue-associate-in-manhattan-jid-28478,2024-12-13,2025-10-27,HRA/DEPT OF SOCIAL SERVICES,Fiscal Operations-NM,MANHATTAN,4 World Trade Center,Full-Time,"$51,796.00 – $70,704.00",Administration & Human Resources,Experienced (Non-Manager),Exam May Be Required,693181,2
QUALITY ASSURANCE UNIT SUPERVISOR,https://cityjobs.nyc.gov/job/quality-assurance-unit-supervisor-in-manhattan-jid-27980,2024-11-23,2025-10-27,HRA/DEPT OF SOCIAL SERVICES,Fiscal Operations-NM,MANHATTAN,4 World Trade Center,Full-Time,"$79,473.00 – $91,394.00",Administration & Human Resources,Experienced (Non-Manager),Exam May Be Required,689769,1
ASSISTANT DIRECTOR OF HUMAN SERVICES UNIT,https://cityjobs.nyc.gov/job/assistant-director-of-human-services-unit-in-manhattan-jid-27981,2024-11-23,2025-10-27,HRA/DEPT OF SOCIAL SERVICES,Fiscal Operations-NM,MANHATTAN,4 World Trade Center,Full-Time,"$79,473.00 – $91,394.00",Administration & Human Resources,Experienced (Non-Manager),Exam May Be Required,689714,1
LEGAL ASSISTANCE HOUSING COURT LIAISON,https://cityjobs.nyc.gov/job/legal-assistance-housing-court-liaison-in-manhattan-jid-27851,2024-11-19,2025-10-27,HRA/DEPT OF SOCIAL SERVICES,Office Of Legal Affairs-NM,MANHATTAN,4 World Trade Center,Full-Time,"$57,976.00 – $66,672.00",Legal Affairs,Experienced (Non-Manager),Exam May Be Required,689049,1
CRPU SPECIALIST,https://cityjobs.nyc.gov/job/crpu-specialist-in-manhattan-jid-27735,2024-11-14,2025-10-27,HRA/DEPT OF SOCIAL SERVICES,Housing-Homles SV/INIT NM,MANHATTAN,"109 E 16Th St., N.Y.",Full-Time,"$58,377.00 – $67,134.00",Social Services,Experienced (Non-Manager),Exam May Be Required,688233,2
SENIOR PROJECT MANAGER,https://cityjobs.nyc.gov/job/senior-project-manager-in-manhattan-jid-27717,2024-11-13,2025-10-27,HRA/DEPT OF SOCIAL SERVICES,Data Reporting/Analysis-NM,MANHATTAN,4 World Trade Center,Full-Time,"$95,070.00 – $109,330.00","Policy, Research & Analysis",Experienced (Non-Manager),No Exam Required,688016,1
NCA PERT CASE REVIEWER,https://cityjobs.nyc.gov/job/nca-pert-case-reviewer-in-manhattan-jid-27716,2024-11-13,2025-10-27,HRA/DEPT OF SOCIAL SERVICES,Off Of Qual Asse-Fisc Int NM,MANHATTAN,4 World Trade Center,Full-Time,"$57,976.00 – $66,672.00",Constituent Services & Community Programs,Experienced (Non-Manager),Exam May Be Required,688014,1
CRISIS COORDINATOR,https://cityjobs.nyc.gov/job/crisis-coordinator-in-manhattan-jid-34666,2025-07-11,,DEPT. OF HOMELESS SERVICES,Street Homelessness Solutions,MANHATTAN,"260 Eleventh Ave., N.Y.",Full-Time,"$62,868.00 – $72,298.00",Social Services,Experienced (Non-Manager),No Exam Required,719280,1
QUALITY CONTROL CASE REVIEWER,https://cityjobs.nyc.gov/job/quality-control-case-reviewer-in-manhattan-jid-28382,2024-12-11,2025-10-27,HRA/DEPT OF SOCIAL SERVICES,Off Of Qual Asse-Fisc Int NM,MANHATTAN,4 World Trade Center,Full-Time,"$57,976.00 – $66,672.00",Constituent Services & Community Programs,Experienced (Non-Manager),Exam May Be Required,692687,1
PAYMENT ASSOCIATE,https://cityjobs.nyc.gov/job/payment-associate-in-manhattan-jid-28177,2024-12-04,2025-10-27,HRA/DEPT OF SOCIAL SERVICES,General Support Services-NM,MANHATTAN,375 Pearl Street,Full-Time,"$57,976.00 – $66,672.00",Building Operations & Maintenance,Experienced (Non-Manager),Exam May Be Required,691045,1
QUALITY ASSURANCE ANALYST,https://cityjobs.nyc.gov/job/quality-assurance-analyst-in-manhattan-jid-28090,2024-11-28,2025-10-27,HRA/DEPT OF SOCIAL SERVICES,Fiscal Operations-NM,MANHATTAN,4 World Trade Center,Full-Time,"$64,137.00 – $73,758.00","Finance, Accounting, & Procurement",Experienced (Non-Manager),Exam May Be Required,690770,1
SYSTEMS DESIGN ANALYSIS,https://cityjobs.nyc.gov/job/systems-design-analysis-in-manhattan-jid-27532,2024-11-02,2025-10-27,HRA/DEPT OF SOCIAL SERVICES,Off Of Child Enforc-NM,MANHATTAN,4 World Trade Center,Full-Time,"$80,707.00 – $112,331.00",Administration & Human Resources,Experienced (Non-Manager),Exam May Be Required,686978,1
CASEWORKER,https://cityjobs.nyc.gov/job/caseworker-in-brooklyn-jid-27921,2024-11-21,2025-10-27,HRA/DEPT OF SOCIAL SERVICES,Off Of Child Enforc-NM,BROOKLYN,1381 Randall Avenue,Full-Time,"$46,689.00 – $53,692.00",Social Services,Experienced (Non-Manager),Exam May Be Required,689435,2
CASE MANAGEMENT SUPERVISOR,https://cityjobs.nyc.gov/job/case-management-supervisor-in-manhattan-jid-27804,2024-11-16,2025-10-27,HRA/DEPT OF SOCIAL SERVICES,FIA Operations-NM,MANHATTAN,"165 E 126Th St., N.Y.",Full-Time,"$58,377.00 – $67,134.00",Social Services,Experienced (Non-Manager),Exam May Be Required,688706,1
"Executive Director, Case Management",https://cityjobs.nyc.gov/job/executive-director-case-management-in-manhattan-jid-36723,2025-09-24,2025-11-07,ADMIN FOR CHILDREN'S SVCS,DYFJ Central,MANHATTAN,110 William St. N Y,Full-Time,"$83,718.00 – $223,299.00",Social Services,Manager,Exam May Be Required,737199,1
"Supervising Inspector, DHS Inspections",https://cityjobs.nyc.gov/job/supervising-inspector-dhs-inspections-in-nyc-all-boros-jid-37396,2025-10-17,2025-11-02,DEPARTMENT OF BUILDINGS,Strategic Inspections,NYC-ALL BOROS,"11 Park Place, New York, Ny",Full-Time,"$70,898.00 – $81,533.00","Public Safety, Inspections, & Enforcement",Experienced (Non-Manager),Exam May Be Required,751784,1
"Assistant Chief Inspector, Construction",https://cityjobs.nyc.gov/job/assistant-chief-inspector-construction-in-nyc-all-boros-jid-37395,2025-10-17,2025-11-02,DEPARTMENT OF BUILDINGS,Strategic Inspections,NYC-ALL BOROS,NYC - All Boroughs,Full-Time,"$78,908.00 – $90,744.00","Public Safety, Inspections, & Enforcement",Experienced (Non-Manager),Exam May Be Required,751791,2
Chief of Operations,https://cityjobs.nyc.gov/job/chief-of-operations-in-nyc-all-boros-jid-37394,2025-10-17,2025-11-16,DEPARTMENT OF PROBATION,Admin Executive Offices,NYC-ALL BOROS,"33 Beaver St, New York Ny",Full-Time,"$123,000.00 – $150,000.00",Administration & Human Resources,Manager,No Exam Required,751806,1
"Supervising Inspector, Construction",https://cityjobs.nyc.gov/job/supervising-inspector-construction-in-nyc-all-boros-jid-37393,2025-10-17,2025-11-02,DEPARTMENT OF BUILDINGS,Construction Enforcement,NYC-ALL BOROS,NYC - All Boroughs,Full-Time,"$70,898.00 – $81,533.00","Public Safety, Inspections, & Enforcement",Experienced (Non-Manager),Exam May Be Required,751804,1
Scheduling Assistant,https://cityjobs.nyc.gov/job/scheduling-assistant-in-bronx-jid-27014,2024-10-16,2025-10-27,BOROUGH PRESIDENT-BRONX,Borough President - Bronx,BRONX,"851 Grand Concourse, Bronx",Full-Time,"$43,143.00 – $71,800.00",Administration & Human Resources,Entry-Level,No Exam Required,684607,1
Deputy Director of Constituent Services,https://cityjobs.nyc.gov/job/deputy-director-of-constituent-services-in-bronx-jid-27570,2024-11-06,2025-10-27,BOROUGH PRESIDENT-BRONX,Borough President - Bronx,BRONX,"851 Grand Concourse, Bronx",Full-Time,"$60,889.00 – $94,521.00",Constituent Services & Community Programs,Experienced (Non-Manager),No Exam Required,687215,1
Senior Software Engineer,https://cityjobs.nyc.gov/job/senior-software-engineer-in-manhattan-jid-28613,2024-12-21,2025-10-27,DEPARTMENT OF CITY PLANNING,ITD-Application Service Mgmt,MANHATTAN,"120 Broadway, New York, NY",Full-Time,"$111,313.00 – $128,010.00","Technology, Data & Innovation",Experienced (Non-Manager),Exam May Be Required,693146,2
Deputy Administrator for Randall’s Island Park,https://cityjobs.nyc.gov/job/deputy-administrator-for-randall-s-island-park-in-manhattan-jid-26741,2024-10-04,2025-10-24,DEPT OF PARKS & RECREATION,MN BORO COMMISSIONER,MANHATTAN,24 West 61 Street,Full-Time,"$100,000.00 – $107,000.00",Constituent Services & Community Programs,Manager,Exam May Be Required,682992,1
TRAINING DIRECTOR,https://cityjobs.nyc.gov/job/training-director-in-manhattan-jid-25902,2024-08-29,2025-10-27,HRA/DEPT OF SOCIAL SERVICES,Policy Proc-Training NM,MANHATTAN,"109 E 16Th St., N.Y.",Full-Time,"$92,283.00 – $92,283.00",Administration & Human Resources,Experienced (Non-Manager),Exam May Be Required,647765,1
ASSISTANT PROJECT MANAGER,https://cityjobs.nyc.gov/job/assistant-project-manager-in-outside-nyc-jid-36224,2025-09-06,,DEPT OF ENVIRONMENT PROTECTION,UPSTATE CAPITAL CONSTR. - IFA,OUTSIDE NYC,"465 Columbus Ave. Valhalla, Ny",Full-Time,"$66,330.00 – $99,528.00","Engineering, Architecture, & Planning",Experienced (Non-Manager),Exam May Be Required,729212,1
"Family Support Specialist, Social Work",https://cityjobs.nyc.gov/job/family-support-specialist-social-work-in-nyc-all-boros-jid-37391,2025-10-17,2025-12-15,DEPT OF HEALTH/MENTAL HYGIENE,OCME - Drug Intelligence,NYC-ALL BOROS,421 East 26th Street NY NY,Full-Time,"$62,868.00 – $97,593.00",Health,Experienced (Non-Manager),No Exam Required,751803,1
Project Administrator for Planning,https://cityjobs.nyc.gov/job/project-administrator-for-planning-in-manhattan-jid-37390,2025-10-17,2025-11-14,DEPT OF PARKS & RECREATION,Forestry & Horticulture,MANHATTAN,Flushing Meadow Pk Olmsted Ctr,Full-Time,"$100,000.00 – $110,000.00","Engineering, Architecture, & Planning",Experienced (Non-Manager),No Exam Required,751655,1
Executive Agency Counsel,https://cityjobs.nyc.gov/job/executive-agency-counsel-in-nyc-all-boros-jid-37389,2025-10-17,2025-11-15,HOUSING PRESERVATION & DVLPMNT,Contracts & Real Estate Divisi,NYC-ALL BOROS,100 Gold Street,Full-Time,"$120,000.00 – $130,000.00",Legal Affairs,Manager,No Exam Required,751742,2
Center Manager,https://cityjobs.nyc.gov/job/center-manager-in-nyc-all-boros-jid-37388,2025-10-17,2025-10-31,DEPT OF PARKS & RECREATION,Central Recreation,NYC-ALL BOROS,105 St & 5 Ave,Full-Time,"$80,000.00 – $85,000.00",Constituent Services & Community Programs,Experienced (Non-Manager),Exam May Be Required,751687,1
Data Content Analyst II,https://cityjobs.nyc.gov/job/data-content-analyst-ii-in-bronx-jid-37387,2025-10-17,2025-12-15,BRONX DISTRICT ATTORNEY,Support Staff,BRONX,198 E161St Street Bronx N.Y.,Full-Time,"$69,126.00 – $69,126.00","Technology, Data & Innovation",Experienced (Non-Manager),No Exam Required,751690,1
Data Content Analyst I,https://cityjobs.nyc.gov/job/data-content-analyst-i-in-bronx-jid-37386,2025-10-17,2025-12-15,BRONX DISTRICT ATTORNEY,Support Staff,BRONX,198 E161St Street Bronx N.Y.,Full-Time,"$53,174.00 – $53,174.00","Technology, Data & Innovation",Entry-Level,No Exam Required,751685,1
Staten Island Sign Shop Superintendent,https://cityjobs.nyc.gov/job/staten-island-sign-shop-superintendent-in-staten-island-jid-37385,2025-10-17,2025-10-30,DEPARTMENT OF TRANSPORTATION,Trf Control & Eng Admin,STATEN ISLAND,"34 Wave St., Staten Island",Full-Time,"$89,884.00 – $97,989.00","Public Safety, Inspections, & Enforcement",Experienced (Non-Manager),Exam May Be Required,751364,1
Senior Policy Analyst,https://cityjobs.nyc.gov/job/senior-policy-analyst-in-manhattan-jid-37384,2025-10-17,2025-10-29,DEPARTMENT OF TRANSPORTATION,Office Of The Commissioner,MANHATTAN,55 Water St Ny Ny,Full-Time,"$62,868.00 – $97,593.00","Public Safety, Inspections, & Enforcement",Experienced (Non-Manager),No Exam Required,751372,1
"Executive Assistant to the Administrator, Assigned Counsel Plan",https://cityjobs.nyc.gov/job/executive-assistant-to-the-administrator-assigned-counsel-plan-in-manhattan-jid-37306,2025-10-15,,OFFICE OF CRIMINAL JUSTICE,ACP Staff,MANHATTAN,253 Broadway New York Ny,Full-Time,"$62,868.00 – $80,000.00",Legal Affairs,Experienced (Non-Manager),No Exam Required,751301,2
Paralegal,https://cityjobs.nyc.gov/job/paralegal-in-brooklyn-jid-37383,2025-10-17,2025-11-05,DISTRICT ATTORNEY KINGS COUNTY,ECAB,BROOKLYN,120 Schermerhorn St Bklyn Ny,Full-Time,"$51,227.00 – $51,227.00",Legal Affairs,Experienced (Non-Manager),No Exam Required,751295,4
Media Services Technician,https://cityjobs.nyc.gov/job/media-services-technician-in-brooklyn-jid-37381,2025-10-17,2025-11-05,DISTRICT ATTORNEY KINGS COUNTY,Multimedia Services Unit,BROOKLYN,"350 Jay St, Brooklyn Ny",Full-Time,"$55,395.00 – $55,395.00","Technology, Data & Innovation",Experienced (Non-Manager),No Exam Required,751211,1
MASONS HELPER,https://cityjobs.nyc.gov/job/masons-helper-in-queens-jid-37380,2025-10-17,2025-11-05,NYC HOUSING AUTHORITY,Queens/SI Property Mgmt,QUEENS,QN/SI Neighborhood 02,Full-Time,$46.82 – $46.82,Building Operations & Maintenance,Experienced (Non-Manager),Exam May Be Required,751346,1
Asthma Health Educator,https://cityjobs.nyc.gov/job/asthma-health-educator-in-nyc-all-boros-jid-37379,2025-10-17,2025-12-13,DEPT OF HEALTH/MENTAL HYGIENE,SH Medical,NYC-ALL BOROS,30-30 47TH AVE,Full-Time,"$58,575.00 – $66,190.00",Health,Experienced (Non-Manager),Exam May Be Required,751160,1
Clearance Administrator,https://cityjobs.nyc.gov/job/clearance-administrator-in-nyc-all-boros-jid-37378,2025-10-17,2025-12-08,DEPT OF HEALTH/MENTAL HYGIENE,Child Care,NYC-ALL BOROS,"125 Worth Street, Nyc",Full-Time,"$48,206.00 – $55,437.00","Public Safety, Inspections, & Enforcement",Experienced (Non-Manager),Exam May Be Required,750154,1
Cloud Administrator,https://cityjobs.nyc.gov/job/cloud-administrator-in-nyc-all-boros-jid-37276,2025-10-15,2025-10-24,HOUSING PRESERVATION & DVLPMNT,HPD Tech,NYC-ALL BOROS,100 Gold Street,Full-Time,"$75,000.00 – $155,000.00","Technology, Data & Innovation",Experienced (Non-Manager),No Exam Required,750090,1
Continuum of Care (CoC)Project Manager,https://cityjobs.nyc.gov/job/continuum-of-care-coc-project-manager-in-manhattan-jid-37320,2025-10-16,2025-12-13,HRA/DEPT OF SOCIAL SERVICES,Off Of Eval/Research-NM,MANHATTAN,4 World Trade Center,Full-Time,"$87,743.00 – $100,904.00","Policy, Research & Analysis",Experienced (Non-Manager),No Exam Required,751200,1
ASSISTANT RESIDENT BUILDING SUPT (HA),https://cityjobs.nyc.gov/job/assistant-resident-building-supt-ha-in-manhattan-jid-37377,2025-10-17,2025-11-05,NYC HOUSING AUTHORITY,Manhattan Property Management,MANHATTAN,Manhattan Floating Staff,Full-Time,"$54,272.00 – $83,117.00",Building Operations & Maintenance,Entry-Level,Exam May Be Required,751075,1
DIRECTOR OF HOUSING COURT OPERATIONS,https://cityjobs.nyc.gov/job/director-of-housing-court-operations-in-manhattan-jid-37376,2025-10-17,2025-12-15,HRA/DEPT OF SOCIAL SERVICES,Outreach Rehous & Land Mgt NM,MANHATTAN,4 World Trade Center,Full-Time,"$68,214.00 – $121,570.00",Administration & Human Resources,Experienced (Non-Manager),Exam May Be Required,750070,1
SPECIAL ASSISTANT TO THE DEPUTY COMMISSIONER,https://cityjobs.nyc.gov/job/special-assistant-to-the-deputy-commissioner-in-manhattan-jid-37375,2025-10-17,2025-12-15,DEPT. OF HOMELESS SERVICES,Security Administration,MANHATTAN,"33 Beaver St, New York Ny",Full-Time,"$98,140.00 – $98,140.00",Social Services,Experienced (Non-Manager),Exam May Be Required,738665,1
Training Coordinator,https://cityjobs.nyc.gov/job/training-coordinator-in-manhattan-jid-36366,2025-09-11,2026-01-15,DEPARTMENT OF INVESTIGATION,Training,MANHATTAN,180 Maiden Lane,Full-Time,"$52,426.00 – $56,536.00","Public Safety, Inspections, & Enforcement",Experienced (Non-Manager),No Exam Required,734654,1
Deputy Inspector General,https://cityjobs.nyc.gov/job/deputy-inspector-general-in-manhattan-jid-36733,2025-09-24,2026-01-14,DEPARTMENT OF INVESTIGATION,Squad 10,MANHATTAN,180 Maiden Lane,Full-Time,"$68,213.00 – $127,829.00","Public Safety, Inspections, & Enforcement",Manager,No Exam Required,739390,1
X-Ray Technician II,https://cityjobs.nyc.gov/job/x-ray-technician-ii-in-nyc-all-boros-jid-36514,2025-09-16,2025-10-24,DEPT OF HEALTH/MENTAL HYGIENE,OCME - XRay,NYC-ALL BOROS,"520 1St Ave., N.Y.",Full-Time,"$58,735.00 – $67,882.00",Health,Experienced (Non-Manager),Exam May Be Required,736015,1
Assistant Inspector General - 736178,https://cityjobs.nyc.gov/job/assistant-inspector-general-736178-in-manhattan-jid-36566,2025-09-18,2026-01-14,DEPARTMENT OF INVESTIGATION,Squad 10,MANHATTAN,180 Maiden Lane,Full-Time,"$40,000.00 – $106,912.00","Public Safety, Inspections, & Enforcement",Experienced (Non-Manager),No Exam Required,736178,1
Deputy Administrator for Riverside Park,https://cityjobs.nyc.gov/job/deputy-administrator-for-riverside-park-in-manhattan-jid-36644,2025-09-19,2025-10-24,DEPT OF PARKS & RECREATION,MN CHIEF OF OPS,MANHATTAN,24 West 61 Street,Full-Time,"$100,000.00 – $105,000.00",Building Operations & Maintenance,Manager,Exam May Be Required,738769,1
Confidential Investigator,https://cityjobs.nyc.gov/job/confidential-investigator-in-manhattan-jid-36354,2025-09-11,2026-01-14,DEPARTMENT OF INVESTIGATION,Background Investigation,MANHATTAN,180 Maiden Lane,Full-Time,"$52,426.00 – $56,536.00","Public Safety, Inspections, & Enforcement",Experienced (Non-Manager),No Exam Required,735155,1
Institutional Aide,https://cityjobs.nyc.gov/job/institutional-aide-in-nyc-all-boros-jid-35712,2025-08-19,,DEPT OF HEALTH/MENTAL HYGIENE,OCME - Facilities,NYC-ALL BOROS,421 East 26th Street NY NY,Full-Time,"$40,223.00 – $51,248.00",Health,Entry-Level,No Exam Required,723657,2
Confidential Investigator,https://cityjobs.nyc.gov/job/confidential-investigator-in-manhattan-jid-35230,2025-07-31,2026-04-14,DEPARTMENT OF INVESTIGATION,Background Investigation,MANHATTAN,180 Maiden Lane,Full-Time,"$52,426.00 – $56,536.00","Policy, Research & Analysis",Entry-Level,No Exam Required,722506,1
Procurement Analyst Level 2,https://cityjobs.nyc.gov/job/procurement-analyst-level-2-in-brooklyn-jid-36235,2025-09-06,2025-10-31,DISTRICT ATTORNEY KINGS COUNTY,Procurement Unit,BROOKLYN,"350 Jay St, Brooklyn Ny",Full-Time,"$80,000.00 – $82,730.00","Finance, Accounting, & Procurement",Experienced (Non-Manager),No Exam Required,718102,1
Senior Investigative Auditor,https://cityjobs.nyc.gov/job/senior-investigative-auditor-in-manhattan-jid-35340,2025-08-05,2026-04-14,DEPARTMENT OF INVESTIGATION,Squad 10,MANHATTAN,180 Maiden Lane,Full-Time,"$74,642.00 – $104,587.00","Finance, Accounting, & Procurement",Experienced (Non-Manager),No Exam Required,723462,1
Sheriff Counsel,https://cityjobs.nyc.gov/job/sheriff-counsel-in-manhattan-jid-34213,2025-06-25,2025-11-15,DEPARTMENT OF FINANCE,General Counsel,MANHATTAN,375 Pearl Street,Full-Time,"$73,476.00 – $84,498.00",Legal Affairs,Experienced (Non-Manager),No Exam Required,717120,1
"Attorney Intern, Parking Law",https://cityjobs.nyc.gov/job/attorney-intern-parking-law-in-manhattan-jid-34564,2025-07-08,2025-11-15,DEPARTMENT OF FINANCE,Parking Law,MANHATTAN,375 Pearl Street,Full-Time,"$72,510.00 – $83,388.00",Legal Affairs,Entry-Level,No Exam Required,718061,1
Office Administrator,https://cityjobs.nyc.gov/job/office-administrator-in-nyc-all-boros-jid-30896,2025-03-07,2026-02-13,DEPT OF HEALTH/MENTAL HYGIENE,Child Care,NYC-ALL BOROS,"125 Worth Street, Nyc",Full-Time,"$53,370.00 – $61,376.00",Health,Experienced (Non-Manager),Exam May Be Required,705862,1
Assistant Borough Planner,https://cityjobs.nyc.gov/job/assistant-borough-planner-in-manhattan-jid-26319,2024-09-19,2025-10-27,DEPARTMENT OF CITY PLANNING,Manhattan Office,MANHATTAN,"120 Broadway, New York, NY",Full-Time,"$62,137.00 – $71,458.00","Engineering, Architecture, & Planning",Experienced (Non-Manager),Exam May Be Required,657007,3
Senior Counsel,https://cityjobs.nyc.gov/job/senior-counsel-in-manhattan-jid-37374,2025-10-17,,OFF OF PAYROLL ADMINISTRATION,Legal,MANHATTAN,5 Manhattan West,Full-Time,"$75,443.00 – $170,000.00",Legal Affairs,Executive,No Exam Required,751752,1
"Supervising Inspector, DHS Inspections",https://cityjobs.nyc.gov/job/supervising-inspector-dhs-inspections-in-nyc-all-boros-jid-37373,2025-10-17,2025-11-02,DEPARTMENT OF BUILDINGS,Strategic Inspections,NYC-ALL BOROS,"11 Park Place, New York, Ny",Full-Time,"$70,898.00 – $81,533.00","Public Safety, Inspections, & Enforcement",Experienced (Non-Manager),Exam May Be Required,751761,1
Junior Attorney,https://cityjobs.nyc.gov/job/junior-attorney-in-nyc-all-boros-jid-37372,2025-10-17,2025-11-15,HOUSING PRESERVATION & DVLPMNT,COMPLIANCE & ENFORCEMENT,NYC-ALL BOROS,100 Gold Street,Full-Time,"$95,450.00 – $95,450.00",Legal Affairs,Experienced (Non-Manager),No Exam Required,751745,1
Director,https://cityjobs.nyc.gov/job/director-in-queens-jid-37371,2025-10-17,,DEPT OF DESIGN & CONSTRUCTION,OCP/EXECUTIVE,QUEENS,30-30 Thomson Ave L I City Qns,Full-Time,"$94,050.00 – $137,660.00",Communications & Intergovernmental Affairs,Experienced (Non-Manager),Exam May Be Required,751755,1
"Senior Project Manager, Division of New Construction Finance",https://cityjobs.nyc.gov/job/senior-project-manager-division-of-new-construction-finance-in-nyc-all-boros-jid-37370,2025-10-17,2025-10-26,HOUSING PRESERVATION & DVLPMNT,NEW CONSTRUCTION FINANCE,NYC-ALL BOROS,100 Gold Street,Full-Time,"$62,868.00 – $87,500.00",Constituent Services & Community Programs,Experienced (Non-Manager),No Exam Required,751764,1
Solutions Developer,https://cityjobs.nyc.gov/job/solutions-developer-in-nyc-all-boros-jid-37369,2025-10-17,2026-01-14,HOUSING PRESERVATION & DVLPMNT,HPD Tech,NYC-ALL BOROS,100 Gold Street,Full-Time,"$103,765.00 – $119,330.00","Technology, Data & Innovation",Experienced (Non-Manager),No Exam Required,751773,1
Operations Supervisor,https://cityjobs.nyc.gov/job/operations-supervisor-in-manhattan-jid-37368,2025-10-17,2025-11-02,DEPARTMENT OF BUILDINGS,Dev Hub-Self Service Ops,MANHATTAN,NYC - All Boroughs,Full-Time,"$59,715.00 – $68,672.00",Administration & Human Resources,Experienced (Non-Manager),Exam May Be Required,751749,1
Crime Victim General Advocate -CVAB,https://cityjobs.nyc.gov/job/crime-victim-general-advocate-cvab-in-bronx-jid-37367,2025-10-17,2025-12-15,BRONX DISTRICT ATTORNEY,Support Staff,BRONX,198 E161St Street Bronx N.Y.,Full-Time,"$56,650.00 – $56,650.00",Constituent Services & Community Programs,Experienced (Non-Manager),No Exam Required,751694,1
Deputy Center Manager,https://cityjobs.nyc.gov/job/deputy-center-manager-in-nyc-all-boros-jid-37366,2025-10-17,2025-10-31,DEPT OF PARKS & RECREATION,Central Recreation,NYC-ALL BOROS,105 St & 5 Ave,Full-Time,"$68,875.00 – $68,875.00",Constituent Services & Community Programs,Experienced (Non-Manager),Exam May Be Required,751691,1
Deputy Chief of Staff,https://cityjobs.nyc.gov/job/deputy-chief-of-staff-in-bronx-jid-25115,2024-07-30,2025-10-27,BOROUGH PRESIDENT-BRONX,Borough President - Bronx,BRONX,"851 Grand Concourse, Bronx",Full-Time,"$66,066.00 – $181,807.00",Administration & Human Resources,Manager,No Exam Required,644073,2
Press Secretary,https://cityjobs.nyc.gov/job/press-secretary-in-bronx-jid-22680,2024-04-24,2025-10-27,BOROUGH PRESIDENT-BRONX,Borough President - Bronx,BRONX,"851 Grand Concourse, Bronx",Full-Time,"$64,142.00 – $176,512.00",Communications & Intergovernmental Affairs,Experienced (Non-Manager),No Exam Required,633695,1
RENTAL ASSISTANCE CONSULTANT,https://cityjobs.nyc.gov/job/rental-assistance-consultant-in-manhattan-jid-19938,2024-01-27,2025-10-27,HRA/DEPT OF SOCIAL SERVICES,Housing-Homles SV/INIT NM,MANHATTAN,4 World Trade Center,Full-Time,"$66,430.00 – $76,394.00",Administration & Human Resources,Experienced (Non-Manager),Exam May Be Required,623221,2
HOUSING COURT SPECIALIST,https://cityjobs.nyc.gov/job/housing-court-specialist-in-brooklyn-jid-19530,2024-01-18,2025-10-27,HRA/DEPT OF SOCIAL SERVICES,Housing-Homles SV/INIT NM,BROOKLYN,"141 Livingston St, Brooklyn Ny",Full-Time,"$66,430.00 – $76,394.00",Administration & Human Resources,Experienced (Non-Manager),Exam May Be Required,623179,1
ELIGIBILITY WORKER,https://cityjobs.nyc.gov/job/eligibility-worker-in-nyc-all-boros-jid-19421,2024-01-13,2025-10-27,HRA/DEPT OF SOCIAL SERVICES,Hasa Hiv/Aids Svcs Admin-NM,NYC-ALL BOROS,890 Garrison Avenue,Full-Time,"$43,777.00 – $50,343.00",Social Services,Entry-Level,Exam May Be Required,623043,7
FRONT DOOR RECEPTIONIST,https://cityjobs.nyc.gov/job/front-door-receptionist-in-nyc-all-boros-jid-19691,2024-01-20,2025-10-27,HRA/DEPT OF SOCIAL SERVICES,FIA Operations-NM,NYC-ALL BOROS,4 World Trade Center,Full-Time,"$39,763.00 – $45,728.00",Social Services,Experienced (Non-Manager),Exam May Be Required,623956,3
DEPUTY COMMISSIONER HPA/HHSI,https://cityjobs.nyc.gov/job/deputy-commissioner-hpa-hhsi-in-manhattan-jid-19779,2024-01-23,2025-10-27,HRA/DEPT OF SOCIAL SERVICES,Housing-Homles SV/INIT NM,MANHATTAN,"109 E 16Th St., N.Y.",Full-Time,"$88,936.00 – $223,761.00",Administration & Human Resources,Executive,Exam May Be Required,622442,1
WAGE SUBSIDY PROCESSING CLERK,https://cityjobs.nyc.gov/job/wage-subsidy-processing-clerk-in-manhattan-jid-19189,2024-01-06,2025-10-27,HRA/DEPT OF SOCIAL SERVICES,Employment/Contract Svcs-NM,MANHATTAN,"123 William Street, NY, NY",Full-Time,"$39,763.00 – $45,728.00",Administration & Human Resources,Experienced (Non-Manager),Exam May Be Required,622154,1
ASSISTANT CORPORATION COUNSEL,https://cityjobs.nyc.gov/job/assistant-corporation-counsel-in-manhattan-jid-19408,2024-01-13,2025-10-27,LAW DEPARTMENT,COMM. LIT. (PART-TIME),MANHATTAN,"100 Church St., N.Y.",Part-Time,$41.42 – $85.25,Legal Affairs,Experienced (Non-Manager),No Exam Required,622389,1
SENIOR MICROSOFT POWER BI DEVELOPER,https://cityjobs.nyc.gov/job/senior-microsoft-power-bi-developer-in-manhattan-jid-20212,2024-02-02,2025-10-27,HRA/DEPT OF SOCIAL SERVICES,Data Reporting/Analysis-NM,MANHATTAN,4 World Trade Center,Full-Time,"$108,071.00 – $124,282.00","Technology, Data & Innovation",Experienced (Non-Manager),Exam May Be Required,621984,1
SENIOR ELECTRICAL ENGINEER,https://cityjobs.nyc.gov/job/senior-electrical-engineer-in-manhattan-jid-16076,2023-10-07,2025-10-27,HRA/DEPT OF SOCIAL SERVICES,General Support Services-NM,MANHATTAN,375 Pearl Street,Full-Time,"$88,026.00 – $101,230.00","Engineering, Architecture, & Planning",Experienced (Non-Manager),Exam May Be Required,610175,1
AEP Coordinator,https://cityjobs.nyc.gov/job/aep-coordinator-in-nyc-all-boros-jid-37278,2025-10-15,2025-10-24,HOUSING PRESERVATION & DVLPMNT,Alt Enforcement Program,NYC-ALL BOROS,100 Gold Street,Full-Time,"$62,868.00 – $72,298.00",Constituent Services & Community Programs,Experienced (Non-Manager),No Exam Required,750405,1
"Assistant Director, Assisted Outpatient Treatment",https://cityjobs.nyc.gov/job/assistant-director-assisted-outpatient-treatment-in-nyc-all-boros-jid-37365,2025-10-17,2025-12-15,DEPT OF HEALTH/MENTAL HYGIENE,MH - Assisted Out Treatment,NYC-ALL BOROS,42-09 28th Street,Full-Time,"$68,214.00 – $119,545.00",Health,Experienced (Non-Manager),Exam May Be Required,751640,1
Senior Coordinator for Citywide Special Events,https://cityjobs.nyc.gov/job/senior-coordinator-for-citywide-special-events-in-manhattan-jid-37364,2025-10-17,2025-10-31,DEPT OF PARKS & RECREATION,Special Events,MANHATTAN,"Arsenal 830 Fifth Ave, New Yor",Full-Time,"$62,868.00 – $97,593.00",Constituent Services & Community Programs,Experienced (Non-Manager),No Exam Required,751653,1
Clearance Administrator,https://cityjobs.nyc.gov/job/clearance-administrator-in-nyc-all-boros-jid-37363,2025-10-17,2025-12-15,DEPT OF HEALTH/MENTAL HYGIENE,Child Care,NYC-ALL BOROS,"125 Worth Street, Nyc",Full-Time,"$48,206.00 – $55,437.00",Health,Experienced (Non-Manager),Exam May Be Required,751645,1
Clearance Administrator,https://cityjobs.nyc.gov/job/clearance-administrator-in-nyc-all-boros-jid-37362,2025-10-17,2025-12-15,DEPT OF HEALTH/MENTAL HYGIENE,Child Care,NYC-ALL BOROS,"125 Worth Street, Nyc",Full-Time,"$48,206.00 – $55,437.00",Health,Experienced (Non-Manager),Exam May Be Required,751649,2
Legal Secretarial Assistant (Per Diem),https://cityjobs.nyc.gov/job/legal-secretarial-assistant-per-diem-in-nyc-all-boros-jid-37361,2025-10-17,2025-12-15,DEPT OF HEALTH/MENTAL HYGIENE,OCME - General Counsel,NYC-ALL BOROS,421 East 26th Street NY NY,Full-Time,"$52,375.00 – $66,393.00",Health,Experienced (Non-Manager),Exam May Be Required,751412,1
Project Development Coordinator for Concessions,https://cityjobs.nyc.gov/job/project-development-coordinator-for-concessions-in-manhattan-jid-37360,2025-10-17,2025-10-31,DEPT OF PARKS & RECREATION,Revenue,MANHATTAN,"Arsenal 830 Fifth Ave, New Yor",Full-Time,"$62,868.00 – $97,593.00",Administration & Human Resources,Experienced (Non-Manager),No Exam Required,751641,1
SUPERVISING ATTORNEY IV,https://cityjobs.nyc.gov/job/supervising-attorney-iv-in-manhattan-jid-37359,2025-10-17,2025-12-15,HRA/DEPT OF SOCIAL SERVICES,Office Of Legal Affairs-NM,MANHATTAN,4 World Trade Center,Full-Time,"$96,638.00 – $111,133.00",Administration & Human Resources,Experienced (Non-Manager),No Exam Required,751638,1
Senior Counsel,https://cityjobs.nyc.gov/job/senior-counsel-in-manhattan-jid-37358,2025-10-17,2025-11-05,NYC HOUSING AUTHORITY,Law Dept-Litigation,MANHATTAN,General Litigation,Full-Time,"$118,000.00 – $130,000.00",Legal Affairs,Manager,No Exam Required,749667,1
FAIR HEARING SERVICE SPECIALIST,https://cityjobs.nyc.gov/job/fair-hearing-service-specialist-in-manhattan-jid-37357,2025-10-17,2025-12-15,HRA/DEPT OF SOCIAL SERVICES,Fair Hearing NM,MANHATTAN,"132 W 125Th St., N.Y.",Full-Time,"$60,275.00 – $69,316.00",Administration & Human Resources,Experienced (Non-Manager),Exam May Be Required,749804,1
AGENCY ATTORNEY L3,https://cityjobs.nyc.gov/job/agency-attorney-l3-in-nyc-all-boros-jid-37356,2025-10-17,2025-12-15,NYC HOUSING AUTHORITY,Law Dept-Litigation,NYC-ALL BOROS,General Litigation,Full-Time,"$106,404.00 – $120,000.00",Legal Affairs,Experienced (Non-Manager),No Exam Required,749766,1
FAIR HEARING REPRESENTATIVE,https://cityjobs.nyc.gov/job/fair-hearing-representative-in-brooklyn-jid-37355,2025-10-17,2025-12-15,HRA/DEPT OF SOCIAL SERVICES,Fair Hearing NM,BROOKLYN,470 Vanderbilt Ave,Full-Time,"$70,646.00 – $81,243.00",Administration & Human Resources,Experienced (Non-Manager),Exam May Be Required,749819,1
Housing Stock Worker,https://cityjobs.nyc.gov/job/housing-stock-worker-in-nyc-all-boros-jid-37354,2025-10-17,2025-11-05,NYC HOUSING AUTHORITY,Logistics & Inventory,NYC-ALL BOROS,Office Of The Senior Director,Full-Time,"$35,562.00 – $54,853.00","Finance, Accounting, & Procurement",Experienced (Non-Manager),Exam May Be Required,750038,1
"SECTION MANAGER, FAIR HEARINGS OPERATIONS",https://cityjobs.nyc.gov/job/section-manager-fair-hearings-operations-in-brooklyn-jid-37353,2025-10-17,2025-12-15,HRA/DEPT OF SOCIAL SERVICES,Fair Hearing NM,BROOKLYN,470 Vanderbilt Ave,Full-Time,"$66,062.00 – $75,971.00",Administration & Human Resources,Experienced (Non-Manager),Exam May Be Required,750000,1
Assistant Corporation Counsel - Appeals,https://cityjobs.nyc.gov/job/assistant-corporation-counsel-appeals-in-manhattan-jid-36964,2025-10-02,,LAW DEPARTMENT,Appeals,MANHATTAN,"100 Church St., N.Y.",Full-Time,"$95,713.00 – $180,791.00",Legal Affairs,Experienced (Non-Manager),No Exam Required,748363,1
DIRECTOR OF WECARE OPERATIONS,https://cityjobs.nyc.gov/job/director-of-wecare-operations-in-manhattan-jid-37091,2025-10-07,2025-12-05,HRA/DEPT OF SOCIAL SERVICES,Customized Assist Svc-NM,MANHATTAN,4 World Trade Center,Full-Time,"$68,214.00 – $125,133.00",Social Services,Experienced (Non-Manager),Exam May Be Required,749048,1
Confidential Investigator,https://cityjobs.nyc.gov/job/confidential-investigator-in-manhattan-jid-36980,2025-10-02,2026-01-15,DEPARTMENT OF INVESTIGATION,Various Units,MANHATTAN,180 Maiden Lane,Full-Time,"$52,426.00 – $58,104.00","Public Safety, Inspections, & Enforcement",Experienced (Non-Manager),No Exam Required,748545,1
Director of Infrastructure Management,https://cityjobs.nyc.gov/job/director-of-infrastructure-management-in-nyc-all-boros-jid-37351,2025-10-17,2025-12-15,NYC HOUSING AUTHORITY,IT Infrastructure & Operations,NYC-ALL BOROS,I&O-Infrastructure Management,Full-Time,"$94,050.00 – $180,000.00","Technology, Data & Innovation",Manager,Exam May Be Required,749210,1
Training Coordinator,https://cityjobs.nyc.gov/job/training-coordinator-in-manhattan-jid-37085,2025-10-07,2026-01-14,DEPARTMENT OF INVESTIGATION,Training,MANHATTAN,180 Maiden Lane,Full-Time,"$52,426.00 – $56,536.00","Public Safety, Inspections, & Enforcement",Entry-Level,No Exam Required,748781,1
Confidential Investigator,https://cityjobs.nyc.gov/job/confidential-investigator-in-manhattan-jid-36782,2025-09-25,2026-01-15,DEPARTMENT OF INVESTIGATION,Squad 3,MANHATTAN,180 Maiden Lane,Full-Time,"$74,642.00 – $81,346.00","Public Safety, Inspections, & Enforcement",Experienced (Non-Manager),No Exam Required,739889,1
Coordinator (Sustainability),https://cityjobs.nyc.gov/job/coordinator-sustainability-in-queens-jid-37350,2025-10-17,,DEPT OF DESIGN & CONSTRUCTION,INFRA/DSGN/SEC.6/SUSTAINCORD,QUEENS,30-30 Thomson Ave L I City Qns,Full-Time,"$66,330.00 – $76,279.00","Engineering, Architecture, & Planning",Experienced (Non-Manager),Exam May Be Required,726660,1
Business Analyst,https://cityjobs.nyc.gov/job/business-analyst-in-brooklyn-jid-35485,2025-08-09,2025-10-19,FIRE DEPARTMENT,Bureau Of Tech Deve And Syst,BROOKLYN,"9 Metrotech Center, Brooklyn N",Full-Time,"$75,000.00 – $119,000.00","Technology, Data & Innovation",Experienced (Non-Manager),No Exam Required,724596,1
Procurement Analyst,https://cityjobs.nyc.gov/job/procurement-analyst-in-brooklyn-jid-36220,2025-09-06,2025-10-31,DISTRICT ATTORNEY KINGS COUNTY,Procurement Unit,BROOKLYN,"350 Jay St, Brooklyn Ny",Full-Time,"$68,213.00 – $73,561.00","Finance, Accounting, & Procurement",Experienced (Non-Manager),No Exam Required,725884,1
College Aide,https://cityjobs.nyc.gov/job/college-aide-in-manhattan-jid-37349,2025-10-17,2026-04-14,DEPARTMENT FOR THE AGING,OFFICE EMERG PREP & RESPONSE,MANHATTAN,"2 Lafayette St., N.Y.",Part-Time,$17.00 – $21.40,Constituent Services & Community Programs,Student,No Exam Required,725484,1
Confidential Investigator,https://cityjobs.nyc.gov/job/confidential-investigator-in-manhattan-jid-35388,2025-08-06,2026-04-14,DEPARTMENT OF INVESTIGATION,Squad 12,MANHATTAN,180 Maiden Lane,Full-Time,"$74,642.00 – $81,346.00","Public Safety, Inspections, & Enforcement",Experienced (Non-Manager),No Exam Required,723819,1
Reasonable Accommodation Sp,https://cityjobs.nyc.gov/job/reasonable-accommodation-sp-in-manhattan-jid-37226,2025-10-11,2025-11-09,ADMIN FOR CHILDREN'S SVCS,Equal Emplyment Opportunity-Cr,MANHATTAN,110 William St. N Y,Full-Time,"$62,868.00 – $97,593.00",Administration & Human Resources,Experienced (Non-Manager),No Exam Required,727309,1
Motor Vehicle Operator,https://cityjobs.nyc.gov/job/motor-vehicle-operator-in-nyc-all-boros-jid-37348,2025-10-17,2025-10-31,DEPT OF HEALTH/MENTAL HYGIENE,OCME - Transportation,NYC-ALL BOROS,421 East 26th Street NY NY,Full-Time,"$46,441.00 – $58,020.00",Health,Experienced (Non-Manager),Exam May Be Required,716042,1
Stationary Engineer,https://cityjobs.nyc.gov/job/stationary-engineer-in-nyc-all-boros-jid-32779,2025-05-06,2025-11-15,DEPT OF CITYWIDE ADMIN SVCS,FAC MGMT/BS_MAN MUNI BLDG,NYC-ALL BOROS,"1 Centre St., N.Y.",Full-Time,$591.20 – $591.20,Building Operations & Maintenance,Experienced (Non-Manager),Exam May Be Required,713475,3
"Interstate Liaison, Bureau of Tuberculosis Control",https://cityjobs.nyc.gov/job/interstate-liaison-bureau-of-tuberculosis-control-in-queens-jid-31873,2025-04-04,2026-04-03,DEPT OF HEALTH/MENTAL HYGIENE,TB Surveillance & Epidemiology,QUEENS,30-30 47TH AVE,Full-Time,"$70,967.00 – $70,967.00",Health,Experienced (Non-Manager),Exam May Be Required,709420,1
Confidential Investigator,https://cityjobs.nyc.gov/job/confidential-investigator-in-outside-nyc-jid-28699,2024-12-24,2026-10-12,DEPARTMENT OF INVESTIGATION,BT2 - Marlboro,OUTSIDE NYC,5503 Route 9W Marlboro,Full-Time,"$50,775.00 – $58,104.00","Public Safety, Inspections, & Enforcement",Experienced (Non-Manager),No Exam Required,694671,1
CASE MANAGEMENT NURSE,https://cityjobs.nyc.gov/job/case-management-nurse-in-brooklyn-jid-32141,2025-04-15,2025-10-27,FIRE DEPARTMENT,Medical,BROOKLYN,"9 Metrotech Center, Brooklyn N",Full-Time,"$106,301.00 – $106,301.00",Health,Experienced (Non-Manager),No Exam Required,710210,1
ASSISTANT TO THE DIRECTOR & INTAKE/REFERRAL CLERK,https://cityjobs.nyc.gov/job/assistant-to-the-director-and-intake-referral-clerk-in-manhattan-jid-23933,2024-06-11,2025-10-27,HRA/DEPT OF SOCIAL SERVICES,Adult Protective Services-NM,MANHATTAN,"400 8Th Ave., N.Y.",Full-Time,"$39,763.00 – $45,728.00",Green Jobs,Experienced (Non-Manager),Exam May Be Required,637940,1
"Quality Assurance & Compliance Specialist, BMH, Bureau of Mental Health",https://cityjobs.nyc.gov/job/quality-assurance-and-compliance-specialist-bmh-bureau-of-mental-health-in-queens-jid-36657,2025-09-19,2026-09-18,DEPT OF HEALTH/MENTAL HYGIENE,Mental Health,QUEENS,42-09 28th Street,Full-Time,"$87,743.00 – $100,904.00","Policy, Research & Analysis",Experienced (Non-Manager),No Exam Required,736682,1
"Assistant Director, Service Desk Operations (Technical Implementation Administrator)",https://cityjobs.nyc.gov/job/assistant-director-service-desk-operations-technical-implementation-administrator-in-manhattan-jid-35355,2025-08-06,,MAYORS OFFICE OF CONTRACT SVCS,Technology,MANHATTAN,255 Greenwich Street,Full-Time,"$95,000.00 – $101,000.00","Finance, Accounting, & Procurement",Manager,No Exam Required,721684,1
ACCOUNTABLE MANAGER,https://cityjobs.nyc.gov/job/accountable-manager-in-queens-jid-28908,2025-01-01,,DEPT OF ENVIRONMENT PROTECTION,PROJECT MANAGEMENT AND CONSTR.,QUEENS,96-05 Horace Harding Expway,Full-Time,"$101,423.00 – $137,501.00","Engineering, Architecture, & Planning",Experienced (Non-Manager),Exam May Be Required,687191,1
Senior Project Manager,https://cityjobs.nyc.gov/job/senior-project-manager-in-queens-jid-34128,2025-06-21,,DEPT OF DESIGN & CONSTRUCTION,PUB BLDGS/CPD/VARIOUS,QUEENS,30-30 Thomson Ave L I City Qns,Full-Time,"$86,749.00 – $99,761.00","Engineering, Architecture, & Planning",Experienced (Non-Manager),Exam May Be Required,716963,4
Senior Legislative Representative,https://cityjobs.nyc.gov/job/senior-legislative-representative-in-manhattan-jid-33026,2025-05-13,,OFFICE OF THE MAYOR,City Legislative Affairs,MANHATTAN,253 Broadway New York Ny,Full-Time,"$101,339.00 – $101,339.00",Communications & Intergovernmental Affairs,Manager,No Exam Required,714248,1
Assistant Corporation Counsel - Family Court JD-MCU,https://cityjobs.nyc.gov/job/assistant-corporation-counsel-family-court-jd-mcu-in-manhattan-jid-34204,2025-06-25,,LAW DEPARTMENT,Family Court: New York,MANHATTAN,"100 Church St., N.Y.",Full-Time,"$87,550.00 – $175,100.00",Legal Affairs,Experienced (Non-Manager),No Exam Required,717331,1
Analyst -Accounting Services,https://cityjobs.nyc.gov/job/analyst-accounting-services-in-manhattan-jid-24213,2024-06-21,2025-10-27,OFFICE OF MANAGEMENT & BUDGET,Office Of Budget Review,MANHATTAN,255 Greenwich Street,Full-Time,"$74,893.00 – $84,257.00","Finance, Accounting, & Procurement",Entry-Level,No Exam Required,638712,1
SENIOR CONSTRUCTION PROJECT MANAGER,https://cityjobs.nyc.gov/job/senior-construction-project-manager-in-manhattan-jid-15071,2023-09-20,2025-10-27,HRA/DEPT OF SOCIAL SERVICES,General Support Services-NM,MANHATTAN,375 Pearl Street,Full-Time,"$74,041.00 – $85,147.00",Building Operations & Maintenance,Experienced (Non-Manager),Exam May Be Required,605855,1
ASSISTANT DEPUTY COMMISSIONER,https://cityjobs.nyc.gov/job/assistant-deputy-commissioner-in-manhattan-jid-16547,2023-10-21,2025-10-27,HRA/DEPT OF SOCIAL SERVICES,Communications/Marketing-Mgr,MANHATTAN,4 World Trade Center,Full-Time,"$88,437.00 – $168,994.00",Social Services,Manager,No Exam Required,607744,1
Assistant Corporation Counsel Family Court JD,https://cityjobs.nyc.gov/job/assistant-corporation-counsel-family-court-jd-in-manhattan-jid-34218,2025-06-25,,LAW DEPARTMENT,Family Court: New York,MANHATTAN,"100 Church St., N.Y.",Full-Time,"$87,550.00 – $175,100.00",Legal Affairs,Experienced (Non-Manager),No Exam Required,717333,1
UH/DAD (Procurement Lead Specialist) - Management & Operations,https://cityjobs.nyc.gov/job/uh-dad-procurement-lead-specialist-management-and-operations-in-manhattan-jid-24476,2024-06-29,2025-10-27,OFFICE OF MANAGEMENT & BUDGET,Budget Directors Office (MGRL),MANHATTAN,255 Greenwich Street,Full-Time,"$117,935.00 – $141,217.00","Finance, Accounting, & Procurement",Manager,No Exam Required,639675,1
Value Engineering Project Manager - Value Engineering,https://cityjobs.nyc.gov/job/value-engineering-project-manager-value-engineering-in-manhattan-jid-24235,2024-06-21,2025-10-27,OFFICE OF MANAGEMENT & BUDGET,IFA,MANHATTAN,255 Greenwich Street,Full-Time,"$95,208.00 – $103,776.00","Finance, Accounting, & Procurement",Entry-Level,No Exam Required,638719,1
Operations Assistant,https://cityjobs.nyc.gov/job/operations-assistant-in-nyc-all-boros-jid-32258,2025-04-18,,DEPARTMENT OF SANITATION,Office Of The Commissioner,NYC-ALL BOROS,"125 Worth Street, Nyc",Full-Time,"$51,816.00 – $98,017.00",Administration & Human Resources,Experienced (Non-Manager),No Exam Required,711349,1
FAIR HEARING SERVICE SPECIALIST,https://cityjobs.nyc.gov/job/fair-hearing-service-specialist-in-queens-jid-23015,2024-05-04,2025-10-27,HRA/DEPT OF SOCIAL SERVICES,Fair Hearing NM,QUEENS,88-11 165 Street Jamaica,Full-Time,"$56,677.00 – $65,179.00",Administration & Human Resources,Experienced (Non-Manager),Exam May Be Required,634576,1
SENIOR CRPU SPECIALIST,https://cityjobs.nyc.gov/job/senior-crpu-specialist-in-manhattan-jid-22935,2024-05-01,2025-10-27,HRA/DEPT OF SOCIAL SERVICES,Housing-Homles SV/INIT NM,MANHATTAN,4 World Trade Center,Full-Time,"$66,430.00 – $99,694.00",Administration & Human Resources,Experienced (Non-Manager),Exam May Be Required,634802,1
CRPU Associate,https://cityjobs.nyc.gov/job/crpu-associate-in-nyc-all-boros-jid-22642,2024-04-20,2025-10-27,HRA/DEPT OF SOCIAL SERVICES,Housing-Homles SV/INIT NM,NYC-ALL BOROS,"109 E 16Th St., N.Y.",Full-Time,"$53,266.00 – $53,266.00",Social Services,Experienced (Non-Manager),Exam May Be Required,634029,3
RENTAL ASSISTANCE UNIT (RAU) SUPERVISOR,https://cityjobs.nyc.gov/job/rental-assistance-unit-rau-supervisor-in-manhattan-jid-22640,2024-04-20,2025-10-27,HRA/DEPT OF SOCIAL SERVICES,Housing-Homles SV/INIT NM,MANHATTAN,"109 E 16Th St., N.Y.",Full-Time,"$73,213.00 – $107,616.00",Social Services,Experienced (Non-Manager),Exam May Be Required,634027,2
FRONT DOOR RECEPTIONIST,https://cityjobs.nyc.gov/job/front-door-receptionist-in-queens-jid-19835,2024-01-24,2025-10-27,HRA/DEPT OF SOCIAL SERVICES,FIA Operations-NM,QUEENS,88-11 165 Street Jamaica,Full-Time,"$39,763.00 – $45,728.00",Social Services,Experienced (Non-Manager),Exam May Be Required,624243,1
"ASSISTANT DEPUTY COMMISSIONER, ADMINISTRATION PROGRAM FACILITATION",https://cityjobs.nyc.gov/job/assistant-deputy-commissioner-administration-program-facilitation-in-manhattan-jid-20017,2024-01-30,2025-10-27,HRA/DEPT OF SOCIAL SERVICES,Customized Assist Svc-Mgr,MANHATTAN,4 World Trade Center,Full-Time,"$80,931.00 – $146,088.00",Administration & Human Resources,Manager,Exam May Be Required,625159,1
OUTREACH COORDINATOR,https://cityjobs.nyc.gov/job/outreach-coordinator-in-nyc-all-boros-jid-19949,2024-01-27,2025-10-27,HRA/DEPT OF SOCIAL SERVICES,Mayor'S Action Plan NM,NYC-ALL BOROS,4 World Trade Center,Full-Time,"$62,868.00 – $72,298.00",Social Services,Entry-Level,No Exam Required,624698,2
Investigative Attorney,https://cityjobs.nyc.gov/job/investigative-attorney-in-manhattan-jid-35221,2025-07-31,2026-04-14,DEPARTMENT OF INVESTIGATION,Squad 2,MANHATTAN,180 Maiden Lane,Full-Time,"$75,000.00 – $90,000.00",Legal Affairs,Experienced (Non-Manager),No Exam Required,722259,1
GROUP PROCESSING WORKER,https://cityjobs.nyc.gov/job/group-processing-worker-in-manhattan-jid-25423,2024-08-10,2025-10-27,HRA/DEPT OF SOCIAL SERVICES,Office Of Revenue/Admin-NM,MANHATTAN,375 Pearl Street,Full-Time,"$45,090.00 – $66,844.00",Constituent Services & Community Programs,Experienced (Non-Manager),Exam May Be Required,645697,3
PROGRAM ANALYST,https://cityjobs.nyc.gov/job/program-analyst-in-manhattan-jid-25538,2024-08-15,2025-10-27,HRA/DEPT OF SOCIAL SERVICES,Off Of Qual Asse-Fisc Int NM,MANHATTAN,4 World Trade Center,Full-Time,"$77,158.00 – $88,732.00",Constituent Services & Community Programs,Experienced (Non-Manager),Exam May Be Required,646042,1
DATABASE ADMINISTRATOR AND DEVELOPER,https://cityjobs.nyc.gov/job/database-administrator-and-developer-in-manhattan-jid-23417,2024-05-21,2025-10-27,HRA/DEPT OF SOCIAL SERVICES,DSS ACCOUNTABILITY OFFICE MGR,MANHATTAN,4 World Trade Center,Full-Time,"$108,071.00 – $124,282.00",Administration & Human Resources,Manager,No Exam Required,636511,1
"Customer Service Liaison, Bureau of Food Safety and Community Sanitation",https://cityjobs.nyc.gov/job/customer-service-liaison-bureau-of-food-safety-and-community-sanitation-in-manhattan-jid-35874,2025-08-23,2026-02-20,DEPT OF HEALTH/MENTAL HYGIENE,Food Safety & Community Sanit,MANHATTAN,"125 Worth Street, Nyc",Full-Time,"$57,783.00 – $62,313.00",Constituent Services & Community Programs,Experienced (Non-Manager),Exam May Be Required,703495,1
Executive Director,https://cityjobs.nyc.gov/job/executive-director-in-manhattan-jid-35385,2025-08-06,2026-04-14,DEPARTMENT OF INVESTIGATION,CCPC,MANHATTAN,17 Battery Place,Full-Time,"$113,690.00 – $203,000.00",Legal Affairs,Executive,No Exam Required,723665,1
Case Manager,https://cityjobs.nyc.gov/job/case-manager-in-manhattan-jid-23445,2024-05-22,2025-10-27,HRA/DEPT OF SOCIAL SERVICES,Domestic Violence-NM,MANHATTAN,4 World Trade Center,Full-Time,"$45,329.00 – $77,633.00",Administration & Human Resources,Experienced (Non-Manager),Exam May Be Required,633318,1
Project Portfolio Manager,https://cityjobs.nyc.gov/job/project-portfolio-manager-in-brooklyn-jid-28701,2024-12-24,2025-10-27,NYC EMPLOYEES RETIREMENT SYS,Executive Management,BROOKLYN,"335 Adams Street, Brooklyn Ny",Full-Time,"$81,083.00 – $150,000.00",Administration & Human Resources,Manager,Exam May Be Required,695036,1
PROJECT MANAGER (2 POSITIONS),https://cityjobs.nyc.gov/job/project-manager-2-positions-in-manhattan-jid-28268,2024-12-06,2025-10-27,CAMPAIGN FINANCE BOARD,Managerial,MANHATTAN,"100 Church St., N.Y.",Full-Time,"$80,001.00 – $90,000.00",Communications & Intergovernmental Affairs,Experienced (Non-Manager),No Exam Required,691631,2
Documentation reviewer,https://cityjobs.nyc.gov/job/documentation-reviewer-in-manhattan-jid-26212,2024-09-13,2025-10-27,HRA/DEPT OF SOCIAL SERVICES,Employment/Contract Svcs-NM,MANHATTAN,"123 William Street, NY, NY",Full-Time,"$40,957.00 – $66,353.00",Social Services,Entry-Level,Exam May Be Required,679712,1
"ASSISTANT DEPUTY COMMISSIONER, DATA SECURITY OPERATIONS",https://cityjobs.nyc.gov/job/assistant-deputy-commissioner-data-security-operations-in-manhattan-jid-26231,2024-09-14,2025-10-27,HRA/DEPT OF SOCIAL SERVICES,DSS ACCOUNTABILITY OFFICE MGR,MANHATTAN,155 West Broadway New York N Y,Full-Time,"$98,231.00 – $174,064.00",Administration & Human Resources,Manager,Exam May Be Required,679854,1
SENIOR IT PROJECT SPECIALIST,https://cityjobs.nyc.gov/job/senior-it-project-specialist-in-manhattan-jid-26216,2024-09-13,2025-10-27,HRA/DEPT OF SOCIAL SERVICES,Off Of Child Enforc-NM,MANHATTAN,4 World Trade Center,Full-Time,"$111,313.00 – $128,010.00",Administration & Human Resources,Experienced (Non-Manager),Exam May Be Required,678932,1
SENIOR DESKTOP SUPPORT SPECIALIST,https://cityjobs.nyc.gov/job/senior-desktop-support-specialist-in-brooklyn-jid-26012,2024-09-05,2025-10-27,HRA/DEPT OF SOCIAL SERVICES,Mgmt Information System-NM,BROOKLYN,15 Metrotech,Full-Time,"$80,707.00 – $92,813.00","Technology, Data & Innovation",Experienced (Non-Manager),Exam May Be Required,656879,1
ASSISTANT DEPUTY COMMISSIONER OF FIELD OPERATIONS,https://cityjobs.nyc.gov/job/assistant-deputy-commissioner-of-field-operations-in-manhattan-jid-25241,2024-08-03,2025-10-27,HRA/DEPT OF SOCIAL SERVICES,Hasa Hiv/Aids Svcs Admin-Mgr,MANHATTAN,375 Pearl Street,Full-Time,"$91,090.00 – $228,190.00",Administration & Human Resources,Manager,Exam May Be Required,644604,1
"Assistant Corporation Counsel, Tort Division",https://cityjobs.nyc.gov/job/assistant-corporation-counsel-tort-division-in-nyc-all-boros-jid-25200,2024-08-01,2025-10-27,LAW DEPARTMENT,Tort: New York,NYC-ALL BOROS,"100 Church St., N.Y.",Full-Time,"$87,550.00 – $175,100.00",Legal Affairs,Experienced (Non-Manager),No Exam Required,644623,2
